file_name_pattern,ttaaii_pattern,text_pattern,bufr_descriptor,bufr_key_of_not_missing,cccc,format,category,subcategory,file_extension
^GSM_GPV_Rgl_Gll0p25deg_Lsurf_FD[0-9]*_grib2.bin$,,,,,RJTD,grib,gsm,,bin
^GSM_GPV_Rgl_Gll0p5deg_L-pall_FD[0-9]*_grib2.bin$,,,,,RJTD,grib,gsm,,bin
^GSM_GPV_Rgl_Gll0p5deg_Lsurf_FD[0-9]*_grib2.bin$,,,,,RJTD,grib,gsm,,bin
^GSM_GPV_Rra2_Gll0p25deg_Lsurf_FD[0-9]*_grib2.bin$,,,,,RJTD,grib,gsm,,bin
^GSM_GPV_Rra2_Gll0p5deg_Lp[0-9]*_FD[0-9]*_grib2.bin$,,,,,RJTD,grib,gsm,,bin
^GSM_GPV_Rra2_Gll0p5deg_Lsurf_FD[0-9]*_grib2.bin$,,,,,RJTD,grib,gsm,,bin
^W_jp.*C_RJTD_.*_EPSG_GPV_.*bin$,,,,,RJTD,grib,geps,,bin
^W_jp.*C_RJTD_.*_GSM_GPV_.*bin$,,,,,RJTD,grib,gsm,,bin
^Z__C_RJTD_.*_OBS_SAT_PScsr_.*bin$,,,,,RJTD,bufr,satellite,csr,bin
^([A-Z][A-Z][A-Z][A-Z][0-9]+\.([abf]|u[ab])|sn\.[0-9]*\.(txt|bin)|A_[HY][A-Z][A-Z][A-Z][0-9][0-9].*)$,^[HY][A-Z][A-Z][A-Z][0-9][0-9]$,,,,RJTD,grib,gsm,,bin
^([A-Z][A-Z][A-Z][A-Z][0-9]+\.([abf]|u[ab])|sn\.[0-9]*\.(txt|bin)|A_[HY][A-Z][A-Z][A-Z][0-9][0-9].*)$,^[HY][A-Z][A-Z][A-Z][0-9][0-9]$,,,,,grib,unknown,unknown,bin
^([A-Z][A-Z][A-Z][A-Z][0-9]+\.([abf]|u[ab])|sn\.[0-9]*\.(txt|bin)|A_IEAX[0-9][0-9].*)$,^IEAX[0-9][0-9]$,,,,,bufr,satellite,amsua,bin
^([A-Z][A-Z][A-Z][A-Z][0-9]+\.([abf]|u[ab])|sn\.[0-9]*\.(txt|bin)|A_IEDX[0-9][0-9].*)$,^IEDX[0-9][0-9]$,,,,,bufr,satellite,iasi_l2,bin
^([A-Z][A-Z][A-Z][A-Z][0-9]+\.([abf]|u[ab])|sn\.[0-9]*\.(txt|bin)|A_IEGX[0-9][0-9].*)$,^IEGX[0-9][0-9]$,,,,,bufr,satellite,gnss_ro,bin
^([A-Z][A-Z][A-Z][A-Z][0-9]+\.([abf]|u[ab])|sn\.[0-9]*\.(txt|bin)|A_IEHX[0-9][0-9].*)$,^IEHX[0-9][0-9]$,,,,,bufr,satellite,hirs,bin
^([A-Z][A-Z][A-Z][A-Z][0-9]+\.([abf]|u[ab])|sn\.[0-9]*\.(txt|bin)|A_IEIX[0-9][0-9].*)$,^IEIX[0-9][0-9]$,,,,,bufr,satellite,iasi,bin
^([A-Z][A-Z][A-Z][A-Z][0-9]+\.([abf]|u[ab])|sn\.[0-9]*\.(txt|bin)|A_IEMX[0-9][0-9].*)$,^IEMX[0-9][0-9]$,,,,,bufr,satellite,mhs,bin
^([A-Z][A-Z][A-Z][A-Z][0-9]+\.([abf]|u[ab])|sn\.[0-9]*\.(txt|bin)|A_IEOX[0-9][0-9].*)$,^IEOX[0-9][0-9]$,,,,,bufr,satellite,ascat,bin
^([A-Z][A-Z][A-Z][A-Z][0-9]+\.([abf]|u[ab])|sn\.[0-9]*\.(txt|bin)|A_IEQX[0-9][0-9].*)$,^IEQX[0-9][0-9]$,,,,,bufr,satellite,iasi,bin
^([A-Z][A-Z][A-Z][A-Z][0-9]+\.([abf]|u[ab])|sn\.[0-9]*\.(txt|bin)|A_IEVX[0-9][0-9].*)$,^IEVX[0-9][0-9]$,,,,,bufr,satellite,amv,bin
^([A-Z][A-Z][A-Z][A-Z][0-9]+\.([abf]|u[ab])|sn\.[0-9]*\.(txt|bin)|A_INA[A-Z][0-9][0-9].*|W_.*amsua.*bin)$,^INA[A-Z][0-9][0-9]$,,,,,bufr,satellite,amsua,bin
^([A-Z][A-Z][A-Z][A-Z][0-9]+\.([abf]|u[ab])|sn\.[0-9]*\.(txt|bin)|A_INC[A-Z][0-9][0-9].*|W_.*cris.*bin)$,^INC[A-Z][0-9][0-9]$,,,,,bufr,satellite,cris,bin
^([A-Z][A-Z][A-Z][A-Z][0-9]+\.([abf]|u[ab])|sn\.[0-9]*\.(txt|bin)|A_INH[A-Z][0-9][0-9].*|W_.*hirs.*bin)$,^INH[A-Z][0-9][0-9]$,,,,,bufr,satellite,hirs,bin
^([A-Z][A-Z][A-Z][A-Z][0-9]+\.([abf]|u[ab])|sn\.[0-9]*\.(txt|bin)|A_INK[A-Z][0-9][0-9].*|W_.*mwhs.*bin)$,^INK[A-Z][0-9][0-9]$,,,,,bufr,satellite,mwhs,bin
^([A-Z][A-Z][A-Z][A-Z][0-9]+\.([abf]|u[ab])|sn\.[0-9]*\.(txt|bin)|A_INM[A-Z][0-9][0-9].*|W_.*mhs.*bin)$,^INM[A-Z][0-9][0-9]$,,,,,bufr,satellite,mhs,bin
^([A-Z][A-Z][A-Z][A-Z][0-9]+\.([abf]|u[ab])|sn\.[0-9]*\.(txt|bin)|A_INQ[A-Z][0-9][0-9].*|W_.*iasi.*bin)$,^INQ[A-Z][0-9][0-9]$,,,,,bufr,satellite,iasi,bin
^([A-Z][A-Z][A-Z][A-Z][0-9]+\.([abf]|u[ab])|sn\.[0-9]*\.(txt|bin)|A_INR[A-Z][0-9][0-9].*|W_.*airs.*bin)$,^INR[A-Z][0-9][0-9]$,,310050,,,bufr,satellite,airs,bin
^([A-Z][A-Z][A-Z][A-Z][0-9]+\.([abf]|u[ab])|sn\.[0-9]*\.(txt|bin)|A_INR[A-Z][0-9][0-9].*)$,^INR[A-Z][0-9][0-9]$,,,,RKSL,bufr,satellite,csr,bin
^([A-Z][A-Z][A-Z][A-Z][0-9]+\.([abf]|u[ab])|sn\.[0-9]*\.(txt|bin)|A_INS[A-Z][0-9][0-9].*|W_.*atms.*bin)$,^INS[A-Z][0-9][0-9]$,,,,,bufr,satellite,atms,bin
^([A-Z][A-Z][A-Z][A-Z][0-9]+\.([abf]|u[ab])|sn\.[0-9]*\.(txt|bin)|A_INT[A-Z][0-9][0-9].*|W_.*mwts.*bin)$,^INT[A-Z][0-9][0-9]$,,,,,bufr,satellite,mwts,bin
^([A-Z][A-Z][A-Z][A-Z][0-9]+\.([abf]|u[ab])|sn\.[0-9]*\.(txt|bin)|A_INV[A-Z][0-9][0-9].*)$,^INV[A-Z][0-9][0-9]$,,,,,bufr,satellite,amv,bin
^([A-Z][A-Z][A-Z][A-Z][0-9]+\.([abf]|u[ab])|sn\.[0-9]*\.(txt|bin)|A_I[RUWX]F[A-Z][0-9][0-9].*)$,^I[RUWX]F[A-Z][0-9][0-9]$,,,,,bufr,satellite,asr,bin
^([A-Z][A-Z][A-Z][A-Z][0-9]+\.([abf]|u[ab])|sn\.[0-9]*\.(txt|bin)|A_I[RUWX]R[A-Z][0-9][0-9].*)$,^I[RUWX]R[A-Z][0-9][0-9]$,,,,,bufr,satellite,csr,bin
^([A-Z][A-Z][A-Z][A-Z][0-9]+\.([abf]|u[ab])|sn\.[0-9]*\.(txt|bin)|A_I[RUWX]V[A-Z][0-9][0-9].*)$,^I[RUWX]V[A-Z][0-9][0-9]$,,,,,bufr,satellite,amv,bin
^([A-Z][A-Z][A-Z][A-Z][0-9]+\.([abf]|u[ab])|sn\.[0-9]*\.(txt|bin)|A_IOB[A-Z][0-9][0-9].*)$,^IOB[A-Z][0-9][0-9]$,,315008,,,bufr,surface,moored_buoy,bin
^([A-Z][A-Z][A-Z][A-Z][0-9]+\.([abf]|u[ab])|sn\.[0-9]*\.(txt|bin)|A_IOB[A-Z][0-9][0-9].*)$,^IOB[A-Z][0-9][0-9]$,,315009,,,bufr,surface,drifting_buoy,bin
^([A-Z][A-Z][A-Z][A-Z][0-9]+\.([abf]|u[ab])|sn\.[0-9]*\.(txt|bin)|A_IOB[A-Z][0-9][0-9].*)$,^IOB[A-Z][0-9][0-9]$,,,,,bufr,surface,buoy,bin
^([A-Z][A-Z][A-Z][A-Z][0-9]+\.([abf]|u[ab])|sn\.[0-9]*\.(txt|bin)|A_IOP[A-Z][0-9][0-9].*)$,^IOP[A-Z][0-9][0-9]$,,,,,bufr,surface,tesac,bin
^([A-Z][A-Z][A-Z][A-Z][0-9]+\.([abf]|u[ab])|sn\.[0-9]*\.(txt|bin)|A_IOR[A-Z][0-9][0-9].*)$,^IOR[A-Z][0-9][0-9]$,,,,,bufr,surface,trackob,bin
^([A-Z][A-Z][A-Z][A-Z][0-9]+\.([abf]|u[ab])|sn\.[0-9]*\.(txt|bin)|A_IOS[A-Z][0-9][0-9].*)$,^IOS[A-Z][0-9][0-9]$,,,,,bufr,surface,bathy,bin
^([A-Z][A-Z][A-Z][A-Z][0-9]+\.([abf]|u[ab])|sn\.[0-9]*\.(txt|bin)|A_ISA[A-Z][0-9][0-9].*)$,^ISA[A-Z][0-9][0-9]$,,,,,bufr,surface,synop,bin
^([A-Z][A-Z][A-Z][A-Z][0-9]+\.([abf]|u[ab])|sn\.[0-9]*\.(txt|bin)|A_ISC[A-Z]([0-3][0-9]|4[0-5]).*)$,^ISC[A-Z]([0-3][0-9]|4[0-5])$,,,,,bufr,climatic,climat,bin
^([A-Z][A-Z][A-Z][A-Z][0-9]+\.([abf]|u[ab])|sn\.[0-9]*\.(txt|bin)|A_ISC[A-Z](4[6-9]|5[0-9]).*)$,^ISC[A-Z](4[6-9]|5[0-9])$,,,,,bufr,climatic,climat_ship,bin
^([A-Z][A-Z][A-Z][A-Z][0-9]+\.([abf]|u[ab])|sn\.[0-9]*\.(txt|bin)|A_IS[IMN][A-Z][0-9][0-9].*)$,^IS[IMN][A-Z][0-9][0-9]$,,,,,bufr,surface,synop,bin
^([A-Z][A-Z][A-Z][A-Z][0-9]+\.([abf]|u[ab])|sn\.[0-9]*\.(txt|bin)|A_ISS[A-Z][0-9][0-9].*)$,^ISS[A-Z][0-9][0-9]$,,,,,bufr,surface,ship,bin
^([A-Z][A-Z][A-Z][A-Z][0-9]+\.([abf]|u[ab])|sn\.[0-9]*\.(txt|bin)|A_ISX[A-Z][0-9][0-9].*)$,^ISX[A-Z][0-9][0-9]$,,307022,,,bufr,surface,gps_pwv,bin
^([A-Z][A-Z][A-Z][A-Z][0-9]+\.([abf]|u[ab])|sn\.[0-9]*\.(txt|bin)|A_ISXC[0-9][0-9].*)$,^ISXC[0-9][0-9]$,,,,RJTD,bufr,forecast,cyclone,bin
^([A-Z][A-Z][A-Z][A-Z][0-9]+\.([abf]|u[ab])|sn\.[0-9]*\.(txt|bin)|A_ISXX[0-9][0-9].*)$,^ISXX[0-9][0-9]$,,,,EUSR,bufr,satellite,siral,bin
^([A-Z][A-Z][A-Z][A-Z][0-9]+\.([abf]|u[ab])|sn\.[0-9]*\.(txt|bin)|A_ISZX[0-9][0-9].*)$,^ISZX[0-9][0-9]$,,,,,bufr,satellite,ogdr,bin
^([A-Z][A-Z][A-Z][A-Z][0-9]+\.([abf]|u[ab])|sn\.[0-9]*\.(txt|bin)|A_IU[AO][A-Z][0-9][0-9].*)$,^IU[AO][A-Z][0-9][0-9]$,,,,,bufr,upper_air,amdar,bin
^([A-Z][A-Z][A-Z][A-Z][0-9]+\.([abf]|u[ab])|sn\.[0-9]*\.(txt|bin)|A_IUC[A-Z][0-9][0-9].*)$,^IUC[A-Z][0-9][0-9]$,,,,,bufr,satellite,cloud_analysis,bin
^([A-Z][A-Z][A-Z][A-Z][0-9]+\.([abf]|u[ab])|sn\.[0-9]*\.(txt|bin)|A_IUD[A-Z][0-9][0-9].*)$,^IUD[A-Z][0-9][0-9]$,,,,,bufr,upper_air,temp_drop,bin
^([A-Z][A-Z][A-Z][A-Z][0-9]+\.([abf]|u[ab])|sn\.[0-9]*\.(txt|bin)|A_IU[JW][A-Z][0-9][0-9].*)$,^IU[JW][A-Z][0-9][0-9]$,,,,,bufr,upper_air,pilot,bin
^([A-Z][A-Z][A-Z][A-Z][0-9]+\.([abf]|u[ab])|sn\.[0-9]*\.(txt|bin)|A_IU[KS][A-Z][0-9][0-9].*)$,^IU[KS][A-Z][0-9][0-9]$,,309052,shipOrMobileLandStationIdentifier,,bufr,upper_air,temp_ship,bin
^([A-Z][A-Z][A-Z][A-Z][0-9]+\.([abf]|u[ab])|sn\.[0-9]*\.(txt|bin)|A_IU[KS][A-Z][0-9][0-9].*)$,^IU[KS][A-Z][0-9][0-9]$,,,,,bufr,upper_air,temp,bin
^([A-Z][A-Z][A-Z][A-Z][0-9]+\.([abf]|u[ab])|sn\.[0-9]*\.(txt|bin)|A_IUP[A-Z][0-9][0-9].*)$,^IUP[A-Z][0-9][0-9]$,,,,,bufr,upper_air,wind_profiler,bin
^([A-Z][A-Z][A-Z][A-Z][0-9]+\.([abf]|u[ab])|sn\.[0-9]*\.(txt|bin)|A_IUQ[A-Z][0-9][0-9].*)$,^IUQ[A-Z][0-9][0-9]$,,,,,bufr,upper_air,temperature_profiler,bin
^([A-Z][A-Z][A-Z][A-Z][0-9]+\.([abf]|u[ab])|sn\.[0-9]*\.(txt|bin)|A_IUT[A-Z][0-9][0-9].*)$,^IUT[A-Z][0-9][0-9]$,,,,,bufr,satellite,gnss_ro,bin
^([A-Z][A-Z][A-Z][A-Z][0-9]+\.([abf]|u[ab])|sn\.[0-9]*\.(txt|bin)|A_IOW[A-Z][0-9][0-9].*)$,^IOW[A-Z][0-9][0-9]$,,308015,,,bufr,surface,wave_buoy,bin
^([A-Z][A-Z][A-Z][A-Z][0-9]+\.([abf]|u[ab])|sn\.[0-9]*\.(txt|bin)|A_IOW[A-Z][0-9][0-9].*)$,^IOW[A-Z][0-9][0-9]$,,315008,,,bufr,surface,moored_buoy,bin
^([A-Z][A-Z][A-Z][A-Z][0-9]+\.([abf]|u[ab])|sn\.[0-9]*\.(txt|bin)|A_IOW[A-Z][0-9][0-9].*)$,^IOW[A-Z][0-9][0-9]$,,315009,,,bufr,surface,drifting_buoy,bin
^([A-Z][A-Z][A-Z][A-Z][0-9]+\.([abf]|u[ab])|sn\.[0-9]*\.(txt|bin)|A_IOW[A-Z][0-9][0-9].*)$,^IOW[A-Z][0-9][0-9]$,,,,,bufr,surface,buoy,bin
^([A-Z][A-Z][A-Z][A-Z][0-9]+\.([abf]|u[ab])|sn\.[0-9]*\.(txt|bin)|A_IXC[A-Z][0-9][0-9].*)$,^IXC[A-Z][0-9][0-9]$,,,,,bufr,satellite,cloud_analysis,bin
^([A-Z][A-Z][A-Z][A-Z][0-9]+\.([abf]|u[ab])|sn\.[0-9]*\.(txt|bin)|A_J[A-Z][A-Z][A-Z][0-9][0-9].*)$,^J[A-Z][A-Z][A-Z][0-9][0-9]$,,,,KNES,bufr,satellite,amv,bin
^([A-Z][A-Z][A-Z][A-Z][0-9]+\.([abf]|u[ab])|sn\.[0-9]*\.(txt|bin)|A_[IJ][A-Z][A-Z][A-Z][0-9][0-9].*)$,^[IJ][A-Z][A-Z][A-Z][0-9][0-9]$,,,,,bufr,unknown,unknown,bin
^([A-Z][A-Z][A-Z][A-Z][0-9]+\.([abf]|u[ab])|sn\.[0-9]*\.(txt|bin)|A_KS[A-Z][A-Z][0-9][0-9].*)$,^KS[A-Z][A-Z][0-9][0-9]$,,,,,crex,surface,unknown,txt
^([A-Z][A-Z][A-Z][A-Z][0-9]+\.([abf]|u[ab])|sn\.[0-9]*\.(txt|bin)|A_KU[A-Z][A-Z][0-9][0-9].*)$,^KU[A-Z][A-Z][0-9][0-9]$,( |^)D0704[1-4]\+\+( |$),,,,crex,upper_air,total_ozon,txt
^([A-Z][A-Z][A-Z][A-Z][0-9]+\.([abf]|u[ab])|sn\.[0-9]*\.(txt|bin)|A_KU[A-Z][A-Z][0-9][0-9].*)$,^KU[A-Z][A-Z][0-9][0-9]$,,,,,crex,upper_air,unknown,txt
^([A-Z][A-Z][A-Z][A-Z][0-9]+\.([abf]|u[ab])|sn\.[0-9]*\.(txt|bin)|A_K[A-Z][A-Z][A-Z][0-9][0-9].*)$,^K[A-Z][A-Z][A-Z][0-9][0-9]$,,,,,crex,unknown,unknown,txt
^([A-Z][A-Z][A-Z][A-Z][0-9]+\.([abf]|u[ab])|sn\.[0-9]*\.(txt|bin)|A_LA[A-Z][A-Z][0-9][0-9].*)$,^LA[A-Z][A-Z][0-9][0-9]$,,,,,iwxxm,surface,metar,txt
^([A-Z][A-Z][A-Z][A-Z][0-9]+\.([abf]|u[ab])|sn\.[0-9]*\.(txt|bin)|A_AC[A-Z][A-Z][0-9][0-9].*)$,^AC[A-Z][A-Z][0-9][0-9]$,,,,,alphanumeric,analysis,cyclone,txt
^([A-Z][A-Z][A-Z][A-Z][0-9]+\.([abf]|u[ab])|sn\.[0-9]*\.(txt|bin)|A_AG[A-Z][A-Z][0-9][0-9].*)$,^AG[A-Z][A-Z][0-9][0-9]$,,,,,alphanumeric,analysis,hydrological_or_marine,txt
^([A-Z][A-Z][A-Z][A-Z][0-9]+\.([abf]|u[ab])|sn\.[0-9]*\.(txt|bin)|A_AH[A-Z][A-Z][0-9][0-9].*)$,^AH[A-Z][A-Z][0-9][0-9]$,,,,,alphanumeric,analysis,thickness,txt
^([A-Z][A-Z][A-Z][A-Z][0-9]+\.([abf]|u[ab])|sn\.[0-9]*\.(txt|bin)|A_AI[A-Z][A-Z][0-9][0-9].*)$,^AI[A-Z][A-Z][0-9][0-9]$,,,,,alphanumeric,analysis,icean,txt
^([A-Z][A-Z][A-Z][A-Z][0-9]+\.([abf]|u[ab])|sn\.[0-9]*\.(txt|bin)|A_AO[A-Z][A-Z][0-9][0-9].*)$,^AO[A-Z][A-Z][0-9][0-9]$,,,,,alphanumeric,analysis,ozon_layer,txt
^([A-Z][A-Z][A-Z][A-Z][0-9]+\.([abf]|u[ab])|sn\.[0-9]*\.(txt|bin)|A_AR[A-Z][A-Z][0-9][0-9].*)$,^AR[A-Z][A-Z][0-9][0-9]$,,,,,alphanumeric,analysis,radar,txt
^([A-Z][A-Z][A-Z][A-Z][0-9]+\.([abf]|u[ab])|sn\.[0-9]*\.(txt|bin)|A_AS[A-Z][A-Z][0-9][0-9].*)$,^AS[A-Z][A-Z][0-9][0-9]$,,,,,alphanumeric,analysis,surface_iac,txt
^([A-Z][A-Z][A-Z][A-Z][0-9]+\.([abf]|u[ab])|sn\.[0-9]*\.(txt|bin)|A_AU[A-Z][A-Z][0-9][0-9].*)$,^AU[A-Z][A-Z][0-9][0-9]$,,,,,alphanumeric,analysis,upper_air_iac,txt
^([A-Z][A-Z][A-Z][A-Z][0-9]+\.([abf]|u[ab])|sn\.[0-9]*\.(txt|bin)|A_AW[A-Z][A-Z][0-9][0-9].*)$,^AW[A-Z][A-Z][0-9][0-9]$,,,,,alphanumeric,analysis,weather_summary,txt
^([A-Z][A-Z][A-Z][A-Z][0-9]+\.([abf]|u[ab])|sn\.[0-9]*\.(txt|bin)|A_AX[A-Z][A-Z][0-9][0-9].*)$,^AX[A-Z][A-Z][0-9][0-9]$,,,,,alphanumeric,analysis,miscellaneous,txt
^([A-Z][A-Z][A-Z][A-Z][0-9]+\.([abf]|u[ab])|sn\.[0-9]*\.(txt|bin)|A_CE[A-Z][A-Z][0-9][0-9].*)$,^CE[A-Z][A-Z][0-9][0-9]$,,,,,alphanumeric,climatic,climat_temp_ship,txt
^([A-Z][A-Z][A-Z][A-Z][0-9]+\.([abf]|u[ab])|sn\.[0-9]*\.(txt|bin)|A_CH[A-Z][A-Z][0-9][0-9].*)$,^CH[A-Z][A-Z][0-9][0-9]$,,,,,alphanumeric,climatic,climat_ship,txt
^([A-Z][A-Z][A-Z][A-Z][0-9]+\.([abf]|u[ab])|sn\.[0-9]*\.(txt|bin)|A_CS[A-Z][A-Z][0-9][0-9].*)$,^CS[A-Z][A-Z][0-9][0-9]$,,,,,alphanumeric,climatic,climat,txt
^([A-Z][A-Z][A-Z][A-Z][0-9]+\.([abf]|u[ab])|sn\.[0-9]*\.(txt|bin)|A_FA[A-Z][A-Z][0-9][0-9].*)$,^FA[A-Z][A-Z][0-9][0-9]$,,,,,alphanumeric,forcast,arfor,txt
^([A-Z][A-Z][A-Z][A-Z][0-9]+\.([abf]|u[ab])|sn\.[0-9]*\.(txt|bin)|A_FB[A-Z][A-Z][0-9][0-9].*)$,^FB[A-Z][A-Z][0-9][0-9]$,,,,,alphanumeric,forcast,wintem,txt
^([A-Z][A-Z][A-Z][A-Z][0-9]+\.([abf]|u[ab])|sn\.[0-9]*\.(txt|bin)|A_FC[A-Z][A-Z][0-9][0-9].*)$,^FC[A-Z][A-Z][0-9][0-9]$,,,,,alphanumeric,forcast,short_taf,txt
^([A-Z][A-Z][A-Z][A-Z][0-9]+\.([abf]|u[ab])|sn\.[0-9]*\.(txt|bin)|A_FD[A-Z][A-Z][0-9][0-9].*)$,^FD[A-Z][A-Z][0-9][0-9]$,,,,,alphanumeric,forcast,radof,txt
^([A-Z][A-Z][A-Z][A-Z][0-9]+\.([abf]|u[ab])|sn\.[0-9]*\.(txt|bin)|A_FE[A-Z][A-Z][0-9][0-9].*)$,^FE[A-Z][A-Z][0-9][0-9]$,,,,,alphanumeric,forcast,extended,txt
^([A-Z][A-Z][A-Z][A-Z][0-9]+\.([abf]|u[ab])|sn\.[0-9]*\.(txt|bin)|A_FF[A-Z][A-Z][0-9][0-9].*)$,^FF[A-Z][A-Z][0-9][0-9]$,,,,,alphanumeric,forcast,iac_fleet,txt
^([A-Z][A-Z][A-Z][A-Z][0-9]+\.([abf]|u[ab])|sn\.[0-9]*\.(txt|bin)|A_FG[A-Z][A-Z][0-9][0-9].*)$,^FG[A-Z][A-Z][0-9][0-9]$,,,,,alphanumeric,forcast,hyfor,txt
^([A-Z][A-Z][A-Z][A-Z][0-9]+\.([abf]|u[ab])|sn\.[0-9]*\.(txt|bin)|A_FH[A-Z][A-Z][0-9][0-9].*)$,^FH[A-Z][A-Z][0-9][0-9]$,,,,,alphanumeric,forcast,upper_air_thickness,txt
^([A-Z][A-Z][A-Z][A-Z][0-9]+\.([abf]|u[ab])|sn\.[0-9]*\.(txt|bin)|A_FI[A-Z][A-Z][0-9][0-9].*)$,^FI[A-Z][A-Z][0-9][0-9]$,,,,,alphanumeric,forcast,iceberg,txt
^([A-Z][A-Z][A-Z][A-Z][0-9]+\.([abf]|u[ab])|sn\.[0-9]*\.(txt|bin)|A_FJ[A-Z][A-Z][0-9][0-9].*)$,^FJ[A-Z][A-Z][0-9][0-9]$,,,,,alphanumeric,forcast,radio_warning_service,txt
^([A-Z][A-Z][A-Z][A-Z][0-9]+\.([abf]|u[ab])|sn\.[0-9]*\.(txt|bin)|A_FK[A-Z][A-Z][0-9][0-9].*)$,^FK[A-Z][A-Z][0-9][0-9]$,,,,,alphanumeric,forcast,tropical_cyclone_advisory,txt
^([A-Z][A-Z][A-Z][A-Z][0-9]+\.([abf]|u[ab])|sn\.[0-9]*\.(txt|bin)|A_FL[A-Z][A-Z][0-9][0-9].*)$,^FL[A-Z][A-Z][0-9][0-9]$,,,,,alphanumeric,forcast,local_or_area,txt
^([A-Z][A-Z][A-Z][A-Z][0-9]+\.([abf]|u[ab])|sn\.[0-9]*\.(txt|bin)|A_FM[A-Z][A-Z][0-9][0-9].*)$,^FM[A-Z][A-Z][0-9][0-9]$,,,,,alphanumeric,forcast,temperature_extrem,txt
^([A-Z][A-Z][A-Z][A-Z][0-9]+\.([abf]|u[ab])|sn\.[0-9]*\.(txt|bin)|A_FO[A-Z][A-Z][0-9][0-9].*)$,^FO[A-Z][A-Z][0-9][0-9]$,,,,,alphanumeric,forcast,guidance,txt
^([A-Z][A-Z][A-Z][A-Z][0-9]+\.([abf]|u[ab])|sn\.[0-9]*\.(txt|bin)|A_FP[A-Z][A-Z][0-9][0-9].*)$,^FP[A-Z][A-Z][0-9][0-9]$,,,,,alphanumeric,forcast,public,txt
^([A-Z][A-Z][A-Z][A-Z][0-9]+\.([abf]|u[ab])|sn\.[0-9]*\.(txt|bin)|A_FQ[A-Z][A-Z][0-9][0-9].*)$,^FQ[A-Z][A-Z][0-9][0-9]$,,,,,alphanumeric,forcast,other_shipping,txt
^([A-Z][A-Z][A-Z][A-Z][0-9]+\.([abf]|u[ab])|sn\.[0-9]*\.(txt|bin)|A_FR[A-Z][A-Z][0-9][0-9].*)$,^FR[A-Z][A-Z][0-9][0-9]$,,,,,alphanumeric,forcast,rofor,txt
^([A-Z][A-Z][A-Z][A-Z][0-9]+\.([abf]|u[ab])|sn\.[0-9]*\.(txt|bin)|A_FS[A-Z][A-Z][0-9][0-9].*)$,^FS[A-Z][A-Z][0-9][0-9]$,,,,,alphanumeric,forcast,surface_iac,txt
^([A-Z][A-Z][A-Z][A-Z][0-9]+\.([abf]|u[ab])|sn\.[0-9]*\.(txt|bin)|A_FT[A-Z][A-Z][0-9][0-9].*)$,^FT[A-Z][A-Z][0-9][0-9]$,,,,,alphanumeric,forcast,long_taf,txt
^([A-Z][A-Z][A-Z][A-Z][0-9]+\.([abf]|u[ab])|sn\.[0-9]*\.(txt|bin)|A_FU[A-Z][A-Z][0-9][0-9].*)$,^FU[A-Z][A-Z][0-9][0-9]$,,,,,alphanumeric,forcast,upper_air_iac,txt
^([A-Z][A-Z][A-Z][A-Z][0-9]+\.([abf]|u[ab])|sn\.[0-9]*\.(txt|bin)|A_FV[A-Z][A-Z][0-9][0-9].*)$,^FV[A-Z][A-Z][0-9][0-9]$,,,,,alphanumeric,forcast,volcanic_ash_advisory,txt
^([A-Z][A-Z][A-Z][A-Z][0-9]+\.([abf]|u[ab])|sn\.[0-9]*\.(txt|bin)|A_FW[A-Z][A-Z][0-9][0-9].*)$,^FW[A-Z][A-Z][0-9][0-9]$,,,,,alphanumeric,forcast,winter_sports,txt
^([A-Z][A-Z][A-Z][A-Z][0-9]+\.([abf]|u[ab])|sn\.[0-9]*\.(txt|bin)|A_FX[A-Z][A-Z][0-9][0-9].*)$,^FX[A-Z][A-Z][0-9][0-9]$,,,,,alphanumeric,forcast,miscellaneous,txt
^([A-Z][A-Z][A-Z][A-Z][0-9]+\.([abf]|u[ab])|sn\.[0-9]*\.(txt|bin)|A_FZ[A-Z][A-Z][0-9][0-9].*)$,^FZ[A-Z][A-Z][0-9][0-9]$,,,,,alphanumeric,forcast,mafor,txt
^([A-Z][A-Z][A-Z][A-Z][0-9]+\.([abf]|u[ab])|sn\.[0-9]*\.(txt|bin)|A_NG[A-Z][A-Z][0-9][0-9].*)$,^NG[A-Z][A-Z][0-9][0-9]$,,,,,alphanumeric,notice,hydrological,txt
^([A-Z][A-Z][A-Z][A-Z][0-9]+\.([abf]|u[ab])|sn\.[0-9]*\.(txt|bin)|A_NH[A-Z][A-Z][0-9][0-9].*)$,^NH[A-Z][A-Z][0-9][0-9]$,,,,,alphanumeric,notice,marine,txt
^([A-Z][A-Z][A-Z][A-Z][0-9]+\.([abf]|u[ab])|sn\.[0-9]*\.(txt|bin)|A_NN[A-Z][A-Z][0-9][0-9].*)$,^NN[A-Z][A-Z][0-9][0-9]$,,,,,alphanumeric,notice,nuclear_emergency_response,txt
^([A-Z][A-Z][A-Z][A-Z][0-9]+\.([abf]|u[ab])|sn\.[0-9]*\.(txt|bin)|A_NO[A-Z][A-Z][0-9][0-9].*)$,^NO[A-Z][A-Z][0-9][0-9]$,,,,,alphanumeric,notice,mento,txt
^([A-Z][A-Z][A-Z][A-Z][0-9]+\.([abf]|u[ab])|sn\.[0-9]*\.(txt|bin)|A_NP[A-Z][A-Z][0-9][0-9].*)$,^NP[A-Z][A-Z][0-9][0-9]$,,,,,alphanumeric,notice,product_generation_delay,txt
^([A-Z][A-Z][A-Z][A-Z][0-9]+\.([abf]|u[ab])|sn\.[0-9]*\.(txt|bin)|A_NT[A-Z][A-Z][0-9][0-9].*)$,^NT[A-Z][A-Z][0-9][0-9]$,,,,,alphanumeric,notice,test,txt
^([A-Z][A-Z][A-Z][A-Z][0-9]+\.([abf]|u[ab])|sn\.[0-9]*\.(txt|bin)|A_NW[A-Z][A-Z][0-9][0-9].*)$,^NW[A-Z][A-Z][0-9][0-9]$,,,,,alphanumeric,notice,warning_related_cancellation,txt
^([A-Z][A-Z][A-Z][A-Z][0-9]+\.([abf]|u[ab])|sn\.[0-9]*\.(txt|bin)|A_SA[A-Z][A-Z][0-9]*[0-9]*.*)$,^SA[A-Z][A-Z][0-9]*[0-9]*$,,,,,alphanumeric,surface,metar,txt
^([A-Z][A-Z][A-Z][A-Z][0-9]+\.([abf]|u[ab])|sn\.[0-9]*\.(txt|bin)|A_S[BCD][A-Z][A-Z][0-9][0-9].*)$,^S[BCD][A-Z][A-Z][0-9][0-9]$,,,,,alphanumeric,surface,radob,txt
^([A-Z][A-Z][A-Z][A-Z][0-9]+\.([abf]|u[ab])|sn\.[0-9]*\.(txt|bin)|A_SE[A-Z][A-Z][0-9][0-9].*)$,^SE[A-Z][A-Z][0-9][0-9]$,,,,,alphanumeric,surface,seismic_data,txt
^([A-Z][A-Z][A-Z][A-Z][0-9]+\.([abf]|u[ab])|sn\.[0-9]*\.(txt|bin)|A_SF[A-Z][A-Z][0-9][0-9].*)$,^SF[A-Z][A-Z][0-9][0-9]$,,,,,alphanumeric,surface,atmospheric_data,txt
^([A-Z][A-Z][A-Z][A-Z][0-9]+\.([abf]|u[ab])|sn\.[0-9]*\.(txt|bin)|A_SG[A-Z][A-Z][0-9][0-9].*)$,^SG[A-Z][A-Z][0-9][0-9]$,,,,,alphanumeric,surface,radrep,txt
^([A-Z][A-Z][A-Z][A-Z][0-9]+\.([abf]|u[ab])|sn\.[0-9]*\.(txt|bin)|A_S[IMN][A-Z][A-Z][0-9][0-9].*)$,^S[IMN][A-Z][A-Z][0-9][0-9]$,( |^)BBXX( |$),,,,alphanumeric,surface,ship,txt
^([A-Z][A-Z][A-Z][A-Z][0-9]+\.([abf]|u[ab])|sn\.[0-9]*\.(txt|bin)|A_S[IMN][A-Z][A-Z][0-9][0-9].*)$,^S[IMN][A-Z][A-Z][0-9][0-9]$,( |^)OOXX( |$),,,,alphanumeric,surface,synop_mobil,txt
^([A-Z][A-Z][A-Z][A-Z][0-9]+\.([abf]|u[ab])|sn\.[0-9]*\.(txt|bin)|A_S[IMN][A-Z][A-Z][0-9][0-9].*)$,^S[IMN][A-Z][A-Z][0-9][0-9]$,,,,,alphanumeric,surface,synop,txt
^([A-Z][A-Z][A-Z][A-Z][0-9]+\.([abf]|u[ab])|sn\.[0-9]*\.(txt|bin)|A_SO[A-Z][A-Z][0-9][0-9].*)$,^SO[A-Z][A-Z][0-9][0-9]$,( |^)JJVV( |$),,,,alphanumeric,surface,bathy,txt
^([A-Z][A-Z][A-Z][A-Z][0-9]+\.([abf]|u[ab])|sn\.[0-9]*\.(txt|bin)|A_SO[A-Z][A-Z][0-9][0-9].*)$,^SO[A-Z][A-Z][0-9][0-9]$,( |^)KKYY( |$),,,,alphanumeric,surface,tesac,txt
^([A-Z][A-Z][A-Z][A-Z][0-9]+\.([abf]|u[ab])|sn\.[0-9]*\.(txt|bin)|A_SO[A-Z][A-Z][0-9][0-9].*)$,^SO[A-Z][A-Z][0-9][0-9]$,( |^)NNXX( |$),,,,alphanumeric,surface,trackob,txt
^([A-Z][A-Z][A-Z][A-Z][0-9]+\.([abf]|u[ab])|sn\.[0-9]*\.(txt|bin)|A_SO[A-Z][A-Z][0-9][0-9].*)$,^SO[A-Z][A-Z][0-9][0-9]$,,,,,alphanumeric,surface,oceanographic_data,txt
^([A-Z][A-Z][A-Z][A-Z][0-9]+\.([abf]|u[ab])|sn\.[0-9]*\.(txt|bin)|A_SP[A-Z][A-Z][0-9]*[0-9]*.*)$,^SP[A-Z][A-Z][0-9]*[0-9]*$,,,,,alphanumeric,surface,speci,txt
^([A-Z][A-Z][A-Z][A-Z][0-9]+\.([abf]|u[ab])|sn\.[0-9]*\.(txt|bin)|A_SR[A-Z][A-Z][0-9][0-9].*)$,^SR[A-Z][A-Z][0-9][0-9]$,,,,,alphanumeric,surface,hydra,txt
^([A-Z][A-Z][A-Z][A-Z][0-9]+\.([abf]|u[ab])|sn\.[0-9]*\.(txt|bin)|A_SS[A-Z][A-Z][0-9][0-9].*)$,^SS[A-Z][A-Z][0-9][0-9]$,( |^)ZZYY  *..[5-9][0-9][0-9]( |$),,,,alphanumeric,surface,drifting_buoy,txt
^([A-Z][A-Z][A-Z][A-Z][0-9]+\.([abf]|u[ab])|sn\.[0-9]*\.(txt|bin)|A_SS[A-Z][A-Z][0-9][0-9].*)$,^SS[A-Z][A-Z][0-9][0-9]$,( |^)ZZYY  *..[0-4][0-9][0-9]( |$),,,,alphanumeric,surface,moored_buoy,txt
^([A-Z][A-Z][A-Z][A-Z][0-9]+\.([abf]|u[ab])|sn\.[0-9]*\.(txt|bin)|A_SS[A-Z][A-Z][0-9][0-9].*)$,^SS[A-Z][A-Z][0-9][0-9]$,,,,,alphanumeric,surface,buoy,txt
^([A-Z][A-Z][A-Z][A-Z][0-9]+\.([abf]|u[ab])|sn\.[0-9]*\.(txt|bin)|A_ST[A-Z][A-Z][0-9][0-9].*)$,^ST[A-Z][A-Z][0-9][0-9]$,,,,,alphanumeric,surface,sea_ice,txt
^([A-Z][A-Z][A-Z][A-Z][0-9]+\.([abf]|u[ab])|sn\.[0-9]*\.(txt|bin)|A_SU[A-Z][A-Z][0-9][0-9].*)$,^SU[A-Z][A-Z][0-9][0-9]$,,,,,alphanumeric,surface,snow_depth,txt
^([A-Z][A-Z][A-Z][A-Z][0-9]+\.([abf]|u[ab])|sn\.[0-9]*\.(txt|bin)|A_SV[A-Z][A-Z][0-9][0-9].*)$,^SV[A-Z][A-Z][0-9][0-9]$,,,,,alphanumeric,surface,lake_ice,txt
^([A-Z][A-Z][A-Z][A-Z][0-9]+\.([abf]|u[ab])|sn\.[0-9]*\.(txt|bin)|A_SW[A-Z][A-Z][0-9][0-9].*)$,^SW[A-Z][A-Z][0-9][0-9]$,,,,,alphanumeric,surface,waveob,txt
^([A-Z][A-Z][A-Z][A-Z][0-9]+\.([abf]|u[ab])|sn\.[0-9]*\.(txt|bin)|A_SX[A-Z][A-Z][0-9][0-9].*)$,^SX[A-Z][A-Z][0-9][0-9]$,,,,,alphanumeric,surface,miscellaneous,txt
^([A-Z][A-Z][A-Z][A-Z][0-9]+\.([abf]|u[ab])|sn\.[0-9]*\.(txt|bin)|A_SY[A-Z][A-Z][0-9][0-9].*)$,^SY[A-Z][A-Z][0-9][0-9]$,,,,,alphanumeric,surface,seismic_wave_data,txt
^([A-Z][A-Z][A-Z][A-Z][0-9]+\.([abf]|u[ab])|sn\.[0-9]*\.(txt|bin)|A_SZ[A-Z][A-Z][0-9][0-9].*)$,^SZ[A-Z][A-Z][0-9][0-9]$,( |^)CREX\+\+( |$),,,,crex,surface,sea_level_data,txt
^([A-Z][A-Z][A-Z][A-Z][0-9]+\.([abf]|u[ab])|sn\.[0-9]*\.(txt|bin)|A_SZ[A-Z][A-Z][0-9][0-9].*)$,^SZ[A-Z][A-Z][0-9][0-9]$,,,,,alphanumeric,surface,sea_level_data,txt
^([A-Z][A-Z][A-Z][A-Z][0-9]+\.([abf]|u[ab])|sn\.[0-9]*\.(txt|bin)|A_TB[A-Z][A-Z][0-9][0-9].*)$,^TB[A-Z][A-Z][0-9][0-9]$,,,,,alphanumeric,satellite,orbit_parameter,txt
^([A-Z][A-Z][A-Z][A-Z][0-9]+\.([abf]|u[ab])|sn\.[0-9]*\.(txt|bin)|A_TC[A-Z][A-Z][0-9][0-9].*)$,^TC[A-Z][A-Z][0-9][0-9]$,,,,,alphanumeric,satellite,sarep,txt
^([A-Z][A-Z][A-Z][A-Z][0-9]+\.([abf]|u[ab])|sn\.[0-9]*\.(txt|bin)|A_TH[A-Z][A-Z][0-9][0-9].*)$,^TH[A-Z][A-Z][0-9][0-9]$,,,,,alphanumeric,satellite,satem,txt
^([A-Z][A-Z][A-Z][A-Z][0-9]+\.([abf]|u[ab])|sn\.[0-9]*\.(txt|bin)|A_TR[A-Z][A-Z][0-9][0-9].*)$,^TR[A-Z][A-Z][0-9][0-9]$,,,,,alphanumeric,satellite,sarad,txt
^([A-Z][A-Z][A-Z][A-Z][0-9]+\.([abf]|u[ab])|sn\.[0-9]*\.(txt|bin)|A_TT[A-Z][A-Z][0-9][0-9].*)$,^TT[A-Z][A-Z][0-9][0-9]$,,,,,alphanumeric,satellite,sea_surface_temperature_satob,txt
^([A-Z][A-Z][A-Z][A-Z][0-9]+\.([abf]|u[ab])|sn\.[0-9]*\.(txt|bin)|A_TW[A-Z][A-Z][0-9][0-9].*)$,^TW[A-Z][A-Z][0-9][0-9]$,,,,,alphanumeric,satellite,wind_cloud_temperature_satob,txt
^([A-Z][A-Z][A-Z][A-Z][0-9]+\.([abf]|u[ab])|sn\.[0-9]*\.(txt|bin)|A_TX[A-Z][A-Z][0-9][0-9].*)$,^TX[A-Z][A-Z][0-9][0-9]$,,,,,alphanumeric,satellite,miscellaneous,txt
^([A-Z][A-Z][A-Z][A-Z][0-9]+\.([abf]|u[ab])|sn\.[0-9]*\.(txt|bin)|A_UA[A-Z][A-Z][0-9][0-9].*)$,^UA[A-Z][A-Z][0-9][0-9]$,( |^)PIREP( |$),,,,alphanumeric,upper_air,pirep,txt
^([A-Z][A-Z][A-Z][A-Z][0-9]+\.([abf]|u[ab])|sn\.[0-9]*\.(txt|bin)|A_UA[A-Z][A-Z][0-9][0-9].*)$,^UA[A-Z][A-Z][0-9][0-9]$,,,,,alphanumeric,upper_air,airep,txt
^([A-Z][A-Z][A-Z][A-Z][0-9]+\.([abf]|u[ab])|sn\.[0-9]*\.(txt|bin)|A_UD[A-Z][A-Z][0-9][0-9].*)$,^UD[A-Z][A-Z][0-9][0-9]$,,,,,alphanumeric,upper_air,amdar,txt
^([A-Z][A-Z][A-Z][A-Z][0-9]+\.([abf]|u[ab])|sn\.[0-9]*\.(txt|bin)|A_U[EFKLMS][A-Z][A-Z][0-9][0-9].*)$,^U[EFKLMS][A-Z][A-Z][0-9][0-9]$,( |^)II(AA|BB|CC|DD)( |$),,,,alphanumeric,upper_air,temp_mobil,txt
^([A-Z][A-Z][A-Z][A-Z][0-9]+\.([abf]|u[ab])|sn\.[0-9]*\.(txt|bin)|A_U[EFKLMS][A-Z][A-Z][0-9][0-9].*)$,^U[EFKLMS][A-Z][A-Z][0-9][0-9]$,( |^)UU(AA|BB|CC|DD)( |$),,,,alphanumeric,upper_air,temp_ship,txt
^([A-Z][A-Z][A-Z][A-Z][0-9]+\.([abf]|u[ab])|sn\.[0-9]*\.(txt|bin)|A_U[EFKLMS][A-Z][A-Z][0-9][0-9].*)$,^U[EFKLMS][A-Z][A-Z][0-9][0-9]$,,,,,alphanumeric,upper_air,temp,txt
^([A-Z][A-Z][A-Z][A-Z][0-9]+\.([abf]|u[ab])|sn\.[0-9]*\.(txt|bin)|A_U[GHIPQY][A-Z][A-Z][0-9][0-9].*)$,^U[GHIPQY][A-Z][A-Z][0-9][0-9]$,( |^)EE(AA|BB|CC|DD)( |$),,,,alphanumeric,upper_air,pilot_mobil,txt
^([A-Z][A-Z][A-Z][A-Z][0-9]+\.([abf]|u[ab])|sn\.[0-9]*\.(txt|bin)|A_U[GHIPQY][A-Z][A-Z][0-9][0-9].*)$,^U[GHIPQY][A-Z][A-Z][0-9][0-9]$,( |^)QQ(AA|BB|CC|DD)( |$),,,,alphanumeric,upper_air,pilot_ship,txt
^([A-Z][A-Z][A-Z][A-Z][0-9]+\.([abf]|u[ab])|sn\.[0-9]*\.(txt|bin)|A_U[GHIPQY][A-Z][A-Z][0-9][0-9].*)$,^U[GHIPQY][A-Z][A-Z][0-9][0-9]$,,,,,alphanumeric,upper_air,pilot,txt
^([A-Z][A-Z][A-Z][A-Z][0-9]*\.([abf]|u[ab])|sn\.[0-9]*\.(txt|bin)|A_UN[A-Z][A-Z][0-9][0-9].*)$,^UN[A-Z][A-Z][0-9][0-9]$,( |^)SSXX( |$),,,,alphanumeric,upper_air,rocob_ship,txt
^([A-Z][A-Z][A-Z][A-Z][0-9]+\.([abf]|u[ab])|sn\.[0-9]*\.(txt|bin)|A_UN[A-Z][A-Z][0-9][0-9].*)$,^UN[A-Z][A-Z][0-9][0-9]$,,,,,alphanumeric,upper_air,rocob,txt
^([A-Z][A-Z][A-Z][A-Z][0-9]+\.([abf]|u[ab])|sn\.[0-9]*\.(txt|bin)|A_UT[A-Z][A-Z][0-9][0-9].*)$,^UT[A-Z][A-Z][0-9][0-9]$,,,,,alphanumeric,upper_air,codar,txt
^([A-Z][A-Z][A-Z][A-Z][0-9]+\.([abf]|u[ab])|sn\.[0-9]*\.(txt|bin)|A_UX[A-Z][A-Z][0-9][0-9].*)$,^UX[A-Z][A-Z][0-9][0-9]$,,,,,alphanumeric,upper_air,miscellaneous,txt
^([A-Z][A-Z][A-Z][A-Z][0-9]+\.([abf]|u[ab])|sn\.[0-9]*\.(txt|bin)|A_UZ[A-Z][A-Z][0-9][0-9].*)$,^UZ[A-Z][A-Z][0-9][0-9]$,,,,,alphanumeric,upper_air,temp_drop,txt
^([A-Z][A-Z][A-Z][A-Z][0-9]+\.([abf]|u[ab])|sn\.[0-9]*\.(txt|bin)|A_WA[A-Z][A-Z][0-9][0-9].*)$,^WA[A-Z][A-Z][0-9][0-9]$,,,,,alphanumeric,warning,airmet,txt
^([A-Z][A-Z][A-Z][A-Z][0-9]+\.([abf]|u[ab])|sn\.[0-9]*\.(txt|bin)|A_WC[A-Z][A-Z][0-9]*[0-9]*.*)$,^WC[A-Z][A-Z][0-9]*[0-9]*$,,,,,alphanumeric,warning,tropical_cyclone_sigmet,txt
^([A-Z][A-Z][A-Z][A-Z][0-9]+\.([abf]|u[ab])|sn\.[0-9]*\.(txt|bin)|A_WE[A-Z][A-Z][0-9][0-9].*)$,^WE[A-Z][A-Z][0-9][0-9]$,,,,,alphanumeric,warning,tsunami,txt
^([A-Z][A-Z][A-Z][A-Z][0-9]+\.([abf]|u[ab])|sn\.[0-9]*\.(txt|bin)|A_WF[A-Z][A-Z][0-9][0-9].*)$,^WF[A-Z][A-Z][0-9][0-9]$,,,,,alphanumeric,warning,tornado,txt
^([A-Z][A-Z][A-Z][A-Z][0-9]+\.([abf]|u[ab])|sn\.[0-9]*\.(txt|bin)|A_WG[A-Z][A-Z][0-9][0-9].*)$,^WG[A-Z][A-Z][0-9][0-9]$,,,,,alphanumeric,warning,hydrological_flood,txt
^([A-Z][A-Z][A-Z][A-Z][0-9]+\.([abf]|u[ab])|sn\.[0-9]*\.(txt|bin)|A_WH[A-Z][A-Z][0-9][0-9].*)$,^WH[A-Z][A-Z][0-9][0-9]$,,,,,alphanumeric,warning,marine_flood,txt
^([A-Z][A-Z][A-Z][A-Z][0-9]+\.([abf]|u[ab])|sn\.[0-9]*\.(txt|bin)|A_WO[A-Z][A-Z][0-9][0-9].*)$,^WO[A-Z][A-Z][0-9][0-9]$,,,,,alphanumeric,warning,other,txt
^([A-Z][A-Z][A-Z][A-Z][0-9]+\.([abf]|u[ab])|sn\.[0-9]*\.(txt|bin)|A_WS[A-Z][A-Z][0-9]*[0-9]*.*)$,^WS[A-Z][A-Z][0-9]*[0-9]*$,,,,,alphanumeric,warning,sigmet,txt
^([A-Z][A-Z][A-Z][A-Z][0-9]+\.([abf]|u[ab])|sn\.[0-9]*\.(txt|bin)|A_WT[A-Z][A-Z][0-9][0-9].*)$,^WT[A-Z][A-Z][0-9][0-9]$,,,,,alphanumeric,warning,tropical_cyclone,txt
^([A-Z][A-Z][A-Z][A-Z][0-9]+\.([abf]|u[ab])|sn\.[0-9]*\.(txt|bin)|A_WU[A-Z][A-Z][0-9][0-9].*)$,^WU[A-Z][A-Z][0-9][0-9]$,,,,,alphanumeric,warning,severe_thunderstorm,txt
^([A-Z][A-Z][A-Z][A-Z][0-9]+\.([abf]|u[ab])|sn\.[0-9]*\.(txt|bin)|A_WV[A-Z][A-Z][0-9][0-9].*)$,^WV[A-Z][A-Z][0-9][0-9]$,,,,,alphanumeric,warning,volcanic_ash_clouds_sigmet,txt
^([A-Z][A-Z][A-Z][A-Z][0-9]+\.([abf]|u[ab])|sn\.[0-9]*\.(txt|bin)|A_WW[A-Z][A-Z][0-9][0-9].*)$,^WW[A-Z][A-Z][0-9][0-9]$,,,,,alphanumeric,warning,weather_summary,txt
^([A-Z][A-Z][A-Z][A-Z][0-9]+\.([abf]|u[ab])|sn\.[0-9]*\.(txt|bin)|A_[ACFNSTUW][A-Z][A-Z][A-Z][0-9][0-9].*)$,^[ACFNSTUW][A-Z][A-Z][A-Z][0-9][0-9]$,,,,,alphanumeric,unknown,unknown,txt
^.*$,^.*$,,,,,unknown,unknown,unknown,txt
