convert,category,subcategory,tile_level,minute_level,minute_type,sort_unique_list
gsm_grib_to_arrow,surface,0,2,10,ceil,latitude [degree];longitude [degree];datetime
gsm_grib_to_arrow,surface,3,2,10,ceil,latitude [degree];longitude [degree];datetime
gsm_grib_to_arrow,surface,6,2,10,ceil,latitude [degree];longitude [degree];datetime
gsm_grib_to_arrow,surface,9,2,10,ceil,latitude [degree];longitude [degree];datetime
gsm_grib_to_arrow,surface,12,2,10,ceil,latitude [degree];longitude [degree];datetime
gsm_grib_to_arrow,surface,15,2,10,ceil,latitude [degree];longitude [degree];datetime
gsm_grib_to_arrow,surface,18,2,10,ceil,latitude [degree];longitude [degree];datetime
gsm_grib_to_arrow,surface,21,2,10,ceil,latitude [degree];longitude [degree];datetime
gsm_grib_to_arrow,surface,24,2,10,ceil,latitude [degree];longitude [degree];datetime
gsm_grib_to_arrow,surface,27,2,10,ceil,latitude [degree];longitude [degree];datetime
gsm_grib_to_arrow,surface,30,2,10,ceil,latitude [degree];longitude [degree];datetime
gsm_grib_to_arrow,surface,33,2,10,ceil,latitude [degree];longitude [degree];datetime
gsm_grib_to_arrow,surface,36,2,10,ceil,latitude [degree];longitude [degree];datetime
gsm_grib_to_arrow,surface,39,2,10,ceil,latitude [degree];longitude [degree];datetime
gsm_grib_to_arrow,surface,42,2,10,ceil,latitude [degree];longitude [degree];datetime
gsm_grib_to_arrow,surface,45,2,10,ceil,latitude [degree];longitude [degree];datetime
gsm_grib_to_arrow,surface,48,2,10,ceil,latitude [degree];longitude [degree];datetime
gsm_grib_to_arrow,surface,51,2,10,ceil,latitude [degree];longitude [degree];datetime
gsm_grib_to_arrow,surface,54,2,10,ceil,latitude [degree];longitude [degree];datetime
gsm_grib_to_arrow,surface,57,2,10,ceil,latitude [degree];longitude [degree];datetime
gsm_grib_to_arrow,surface,60,2,10,ceil,latitude [degree];longitude [degree];datetime
gsm_grib_to_arrow,surface,63,2,10,ceil,latitude [degree];longitude [degree];datetime
gsm_grib_to_arrow,surface,66,2,10,ceil,latitude [degree];longitude [degree];datetime
gsm_grib_to_arrow,surface,69,2,10,ceil,latitude [degree];longitude [degree];datetime
gsm_grib_to_arrow,surface,72,2,10,ceil,latitude [degree];longitude [degree];datetime
gsm_grib_to_arrow,surface,75,2,10,ceil,latitude [degree];longitude [degree];datetime
gsm_grib_to_arrow,surface,78,2,10,ceil,latitude [degree];longitude [degree];datetime
gsm_grib_to_arrow,surface,81,2,10,ceil,latitude [degree];longitude [degree];datetime
gsm_grib_to_arrow,surface,84,2,10,ceil,latitude [degree];longitude [degree];datetime
gsm_grib_to_arrow,surface,87,2,10,ceil,latitude [degree];longitude [degree];datetime
gsm_grib_to_arrow,surface,90,2,10,ceil,latitude [degree];longitude [degree];datetime
gsm_grib_to_arrow,surface,93,2,10,ceil,latitude [degree];longitude [degree];datetime
gsm_grib_to_arrow,surface,96,2,10,ceil,latitude [degree];longitude [degree];datetime
gsm_grib_to_arrow,surface,99,2,10,ceil,latitude [degree];longitude [degree];datetime
gsm_grib_to_arrow,surface,102,2,10,ceil,latitude [degree];longitude [degree];datetime
gsm_grib_to_arrow,surface,105,2,10,ceil,latitude [degree];longitude [degree];datetime
gsm_grib_to_arrow,surface,108,2,10,ceil,latitude [degree];longitude [degree];datetime
gsm_grib_to_arrow,surface,111,2,10,ceil,latitude [degree];longitude [degree];datetime
gsm_grib_to_arrow,surface,114,2,10,ceil,latitude [degree];longitude [degree];datetime
gsm_grib_to_arrow,surface,117,2,10,ceil,latitude [degree];longitude [degree];datetime
gsm_grib_to_arrow,surface,120,2,10,ceil,latitude [degree];longitude [degree];datetime
gsm_grib_to_arrow,surface,123,2,10,ceil,latitude [degree];longitude [degree];datetime
gsm_grib_to_arrow,surface,126,2,10,ceil,latitude [degree];longitude [degree];datetime
gsm_grib_to_arrow,surface,129,2,10,ceil,latitude [degree];longitude [degree];datetime
gsm_grib_to_arrow,surface,132,2,10,ceil,latitude [degree];longitude [degree];datetime
gsm_grib_to_arrow,1000hPa,0,2,10,ceil,latitude [degree];longitude [degree];datetime
gsm_grib_to_arrow,1000hPa,3,2,10,ceil,latitude [degree];longitude [degree];datetime
gsm_grib_to_arrow,1000hPa,6,2,10,ceil,latitude [degree];longitude [degree];datetime
gsm_grib_to_arrow,1000hPa,9,2,10,ceil,latitude [degree];longitude [degree];datetime
gsm_grib_to_arrow,1000hPa,12,2,10,ceil,latitude [degree];longitude [degree];datetime
gsm_grib_to_arrow,1000hPa,15,2,10,ceil,latitude [degree];longitude [degree];datetime
gsm_grib_to_arrow,1000hPa,18,2,10,ceil,latitude [degree];longitude [degree];datetime
gsm_grib_to_arrow,1000hPa,21,2,10,ceil,latitude [degree];longitude [degree];datetime
gsm_grib_to_arrow,1000hPa,24,2,10,ceil,latitude [degree];longitude [degree];datetime
gsm_grib_to_arrow,1000hPa,27,2,10,ceil,latitude [degree];longitude [degree];datetime
gsm_grib_to_arrow,1000hPa,30,2,10,ceil,latitude [degree];longitude [degree];datetime
gsm_grib_to_arrow,1000hPa,33,2,10,ceil,latitude [degree];longitude [degree];datetime
gsm_grib_to_arrow,1000hPa,36,2,10,ceil,latitude [degree];longitude [degree];datetime
gsm_grib_to_arrow,1000hPa,39,2,10,ceil,latitude [degree];longitude [degree];datetime
gsm_grib_to_arrow,1000hPa,42,2,10,ceil,latitude [degree];longitude [degree];datetime
gsm_grib_to_arrow,1000hPa,45,2,10,ceil,latitude [degree];longitude [degree];datetime
gsm_grib_to_arrow,1000hPa,48,2,10,ceil,latitude [degree];longitude [degree];datetime
gsm_grib_to_arrow,1000hPa,51,2,10,ceil,latitude [degree];longitude [degree];datetime
gsm_grib_to_arrow,1000hPa,54,2,10,ceil,latitude [degree];longitude [degree];datetime
gsm_grib_to_arrow,1000hPa,57,2,10,ceil,latitude [degree];longitude [degree];datetime
gsm_grib_to_arrow,1000hPa,60,2,10,ceil,latitude [degree];longitude [degree];datetime
gsm_grib_to_arrow,1000hPa,63,2,10,ceil,latitude [degree];longitude [degree];datetime
gsm_grib_to_arrow,1000hPa,66,2,10,ceil,latitude [degree];longitude [degree];datetime
gsm_grib_to_arrow,1000hPa,69,2,10,ceil,latitude [degree];longitude [degree];datetime
gsm_grib_to_arrow,1000hPa,72,2,10,ceil,latitude [degree];longitude [degree];datetime
gsm_grib_to_arrow,1000hPa,75,2,10,ceil,latitude [degree];longitude [degree];datetime
gsm_grib_to_arrow,1000hPa,78,2,10,ceil,latitude [degree];longitude [degree];datetime
gsm_grib_to_arrow,1000hPa,81,2,10,ceil,latitude [degree];longitude [degree];datetime
gsm_grib_to_arrow,1000hPa,84,2,10,ceil,latitude [degree];longitude [degree];datetime
gsm_grib_to_arrow,1000hPa,87,2,10,ceil,latitude [degree];longitude [degree];datetime
gsm_grib_to_arrow,1000hPa,90,2,10,ceil,latitude [degree];longitude [degree];datetime
gsm_grib_to_arrow,1000hPa,93,2,10,ceil,latitude [degree];longitude [degree];datetime
gsm_grib_to_arrow,1000hPa,96,2,10,ceil,latitude [degree];longitude [degree];datetime
gsm_grib_to_arrow,1000hPa,99,2,10,ceil,latitude [degree];longitude [degree];datetime
gsm_grib_to_arrow,1000hPa,102,2,10,ceil,latitude [degree];longitude [degree];datetime
gsm_grib_to_arrow,1000hPa,105,2,10,ceil,latitude [degree];longitude [degree];datetime
gsm_grib_to_arrow,1000hPa,108,2,10,ceil,latitude [degree];longitude [degree];datetime
gsm_grib_to_arrow,1000hPa,111,2,10,ceil,latitude [degree];longitude [degree];datetime
gsm_grib_to_arrow,1000hPa,114,2,10,ceil,latitude [degree];longitude [degree];datetime
gsm_grib_to_arrow,1000hPa,117,2,10,ceil,latitude [degree];longitude [degree];datetime
gsm_grib_to_arrow,1000hPa,120,2,10,ceil,latitude [degree];longitude [degree];datetime
gsm_grib_to_arrow,1000hPa,123,2,10,ceil,latitude [degree];longitude [degree];datetime
gsm_grib_to_arrow,1000hPa,126,2,10,ceil,latitude [degree];longitude [degree];datetime
gsm_grib_to_arrow,1000hPa,129,2,10,ceil,latitude [degree];longitude [degree];datetime
gsm_grib_to_arrow,1000hPa,132,2,10,ceil,latitude [degree];longitude [degree];datetime
gsm_grib_to_arrow,975hPa,0,2,10,ceil,latitude [degree];longitude [degree];datetime
gsm_grib_to_arrow,975hPa,3,2,10,ceil,latitude [degree];longitude [degree];datetime
gsm_grib_to_arrow,975hPa,6,2,10,ceil,latitude [degree];longitude [degree];datetime
gsm_grib_to_arrow,975hPa,9,2,10,ceil,latitude [degree];longitude [degree];datetime
gsm_grib_to_arrow,975hPa,12,2,10,ceil,latitude [degree];longitude [degree];datetime
gsm_grib_to_arrow,975hPa,15,2,10,ceil,latitude [degree];longitude [degree];datetime
gsm_grib_to_arrow,975hPa,18,2,10,ceil,latitude [degree];longitude [degree];datetime
gsm_grib_to_arrow,975hPa,21,2,10,ceil,latitude [degree];longitude [degree];datetime
gsm_grib_to_arrow,975hPa,24,2,10,ceil,latitude [degree];longitude [degree];datetime
gsm_grib_to_arrow,975hPa,27,2,10,ceil,latitude [degree];longitude [degree];datetime
gsm_grib_to_arrow,975hPa,30,2,10,ceil,latitude [degree];longitude [degree];datetime
gsm_grib_to_arrow,975hPa,33,2,10,ceil,latitude [degree];longitude [degree];datetime
gsm_grib_to_arrow,975hPa,36,2,10,ceil,latitude [degree];longitude [degree];datetime
gsm_grib_to_arrow,975hPa,39,2,10,ceil,latitude [degree];longitude [degree];datetime
gsm_grib_to_arrow,975hPa,42,2,10,ceil,latitude [degree];longitude [degree];datetime
gsm_grib_to_arrow,975hPa,45,2,10,ceil,latitude [degree];longitude [degree];datetime
gsm_grib_to_arrow,975hPa,48,2,10,ceil,latitude [degree];longitude [degree];datetime
gsm_grib_to_arrow,975hPa,51,2,10,ceil,latitude [degree];longitude [degree];datetime
gsm_grib_to_arrow,975hPa,54,2,10,ceil,latitude [degree];longitude [degree];datetime
gsm_grib_to_arrow,975hPa,57,2,10,ceil,latitude [degree];longitude [degree];datetime
gsm_grib_to_arrow,975hPa,60,2,10,ceil,latitude [degree];longitude [degree];datetime
gsm_grib_to_arrow,975hPa,63,2,10,ceil,latitude [degree];longitude [degree];datetime
gsm_grib_to_arrow,975hPa,66,2,10,ceil,latitude [degree];longitude [degree];datetime
gsm_grib_to_arrow,975hPa,69,2,10,ceil,latitude [degree];longitude [degree];datetime
gsm_grib_to_arrow,975hPa,72,2,10,ceil,latitude [degree];longitude [degree];datetime
gsm_grib_to_arrow,975hPa,75,2,10,ceil,latitude [degree];longitude [degree];datetime
gsm_grib_to_arrow,975hPa,78,2,10,ceil,latitude [degree];longitude [degree];datetime
gsm_grib_to_arrow,975hPa,81,2,10,ceil,latitude [degree];longitude [degree];datetime
gsm_grib_to_arrow,975hPa,84,2,10,ceil,latitude [degree];longitude [degree];datetime
gsm_grib_to_arrow,975hPa,87,2,10,ceil,latitude [degree];longitude [degree];datetime
gsm_grib_to_arrow,975hPa,90,2,10,ceil,latitude [degree];longitude [degree];datetime
gsm_grib_to_arrow,975hPa,93,2,10,ceil,latitude [degree];longitude [degree];datetime
gsm_grib_to_arrow,975hPa,96,2,10,ceil,latitude [degree];longitude [degree];datetime
gsm_grib_to_arrow,975hPa,99,2,10,ceil,latitude [degree];longitude [degree];datetime
gsm_grib_to_arrow,975hPa,102,2,10,ceil,latitude [degree];longitude [degree];datetime
gsm_grib_to_arrow,975hPa,105,2,10,ceil,latitude [degree];longitude [degree];datetime
gsm_grib_to_arrow,975hPa,108,2,10,ceil,latitude [degree];longitude [degree];datetime
gsm_grib_to_arrow,975hPa,111,2,10,ceil,latitude [degree];longitude [degree];datetime
gsm_grib_to_arrow,975hPa,114,2,10,ceil,latitude [degree];longitude [degree];datetime
gsm_grib_to_arrow,975hPa,117,2,10,ceil,latitude [degree];longitude [degree];datetime
gsm_grib_to_arrow,975hPa,120,2,10,ceil,latitude [degree];longitude [degree];datetime
gsm_grib_to_arrow,975hPa,123,2,10,ceil,latitude [degree];longitude [degree];datetime
gsm_grib_to_arrow,975hPa,126,2,10,ceil,latitude [degree];longitude [degree];datetime
gsm_grib_to_arrow,975hPa,129,2,10,ceil,latitude [degree];longitude [degree];datetime
gsm_grib_to_arrow,975hPa,132,2,10,ceil,latitude [degree];longitude [degree];datetime
gsm_grib_to_arrow,950hPa,0,2,10,ceil,latitude [degree];longitude [degree];datetime
gsm_grib_to_arrow,950hPa,3,2,10,ceil,latitude [degree];longitude [degree];datetime
gsm_grib_to_arrow,950hPa,6,2,10,ceil,latitude [degree];longitude [degree];datetime
gsm_grib_to_arrow,950hPa,9,2,10,ceil,latitude [degree];longitude [degree];datetime
gsm_grib_to_arrow,950hPa,12,2,10,ceil,latitude [degree];longitude [degree];datetime
gsm_grib_to_arrow,950hPa,15,2,10,ceil,latitude [degree];longitude [degree];datetime
gsm_grib_to_arrow,950hPa,18,2,10,ceil,latitude [degree];longitude [degree];datetime
gsm_grib_to_arrow,950hPa,21,2,10,ceil,latitude [degree];longitude [degree];datetime
gsm_grib_to_arrow,950hPa,24,2,10,ceil,latitude [degree];longitude [degree];datetime
gsm_grib_to_arrow,950hPa,27,2,10,ceil,latitude [degree];longitude [degree];datetime
gsm_grib_to_arrow,950hPa,30,2,10,ceil,latitude [degree];longitude [degree];datetime
gsm_grib_to_arrow,950hPa,33,2,10,ceil,latitude [degree];longitude [degree];datetime
gsm_grib_to_arrow,950hPa,36,2,10,ceil,latitude [degree];longitude [degree];datetime
gsm_grib_to_arrow,950hPa,39,2,10,ceil,latitude [degree];longitude [degree];datetime
gsm_grib_to_arrow,950hPa,42,2,10,ceil,latitude [degree];longitude [degree];datetime
gsm_grib_to_arrow,950hPa,45,2,10,ceil,latitude [degree];longitude [degree];datetime
gsm_grib_to_arrow,950hPa,48,2,10,ceil,latitude [degree];longitude [degree];datetime
gsm_grib_to_arrow,950hPa,51,2,10,ceil,latitude [degree];longitude [degree];datetime
gsm_grib_to_arrow,950hPa,54,2,10,ceil,latitude [degree];longitude [degree];datetime
gsm_grib_to_arrow,950hPa,57,2,10,ceil,latitude [degree];longitude [degree];datetime
gsm_grib_to_arrow,950hPa,60,2,10,ceil,latitude [degree];longitude [degree];datetime
gsm_grib_to_arrow,950hPa,63,2,10,ceil,latitude [degree];longitude [degree];datetime
gsm_grib_to_arrow,950hPa,66,2,10,ceil,latitude [degree];longitude [degree];datetime
gsm_grib_to_arrow,950hPa,69,2,10,ceil,latitude [degree];longitude [degree];datetime
gsm_grib_to_arrow,950hPa,72,2,10,ceil,latitude [degree];longitude [degree];datetime
gsm_grib_to_arrow,950hPa,75,2,10,ceil,latitude [degree];longitude [degree];datetime
gsm_grib_to_arrow,950hPa,78,2,10,ceil,latitude [degree];longitude [degree];datetime
gsm_grib_to_arrow,950hPa,81,2,10,ceil,latitude [degree];longitude [degree];datetime
gsm_grib_to_arrow,950hPa,84,2,10,ceil,latitude [degree];longitude [degree];datetime
gsm_grib_to_arrow,950hPa,87,2,10,ceil,latitude [degree];longitude [degree];datetime
gsm_grib_to_arrow,950hPa,90,2,10,ceil,latitude [degree];longitude [degree];datetime
gsm_grib_to_arrow,950hPa,93,2,10,ceil,latitude [degree];longitude [degree];datetime
gsm_grib_to_arrow,950hPa,96,2,10,ceil,latitude [degree];longitude [degree];datetime
gsm_grib_to_arrow,950hPa,99,2,10,ceil,latitude [degree];longitude [degree];datetime
gsm_grib_to_arrow,950hPa,102,2,10,ceil,latitude [degree];longitude [degree];datetime
gsm_grib_to_arrow,950hPa,105,2,10,ceil,latitude [degree];longitude [degree];datetime
gsm_grib_to_arrow,950hPa,108,2,10,ceil,latitude [degree];longitude [degree];datetime
gsm_grib_to_arrow,950hPa,111,2,10,ceil,latitude [degree];longitude [degree];datetime
gsm_grib_to_arrow,950hPa,114,2,10,ceil,latitude [degree];longitude [degree];datetime
gsm_grib_to_arrow,950hPa,117,2,10,ceil,latitude [degree];longitude [degree];datetime
gsm_grib_to_arrow,950hPa,120,2,10,ceil,latitude [degree];longitude [degree];datetime
gsm_grib_to_arrow,950hPa,123,2,10,ceil,latitude [degree];longitude [degree];datetime
gsm_grib_to_arrow,950hPa,126,2,10,ceil,latitude [degree];longitude [degree];datetime
gsm_grib_to_arrow,950hPa,129,2,10,ceil,latitude [degree];longitude [degree];datetime
gsm_grib_to_arrow,950hPa,132,2,10,ceil,latitude [degree];longitude [degree];datetime
gsm_grib_to_arrow,925hPa,0,2,10,ceil,latitude [degree];longitude [degree];datetime
gsm_grib_to_arrow,925hPa,3,2,10,ceil,latitude [degree];longitude [degree];datetime
gsm_grib_to_arrow,925hPa,6,2,10,ceil,latitude [degree];longitude [degree];datetime
gsm_grib_to_arrow,925hPa,9,2,10,ceil,latitude [degree];longitude [degree];datetime
gsm_grib_to_arrow,925hPa,12,2,10,ceil,latitude [degree];longitude [degree];datetime
gsm_grib_to_arrow,925hPa,15,2,10,ceil,latitude [degree];longitude [degree];datetime
gsm_grib_to_arrow,925hPa,18,2,10,ceil,latitude [degree];longitude [degree];datetime
gsm_grib_to_arrow,925hPa,21,2,10,ceil,latitude [degree];longitude [degree];datetime
gsm_grib_to_arrow,925hPa,24,2,10,ceil,latitude [degree];longitude [degree];datetime
gsm_grib_to_arrow,925hPa,27,2,10,ceil,latitude [degree];longitude [degree];datetime
gsm_grib_to_arrow,925hPa,30,2,10,ceil,latitude [degree];longitude [degree];datetime
gsm_grib_to_arrow,925hPa,33,2,10,ceil,latitude [degree];longitude [degree];datetime
gsm_grib_to_arrow,925hPa,36,2,10,ceil,latitude [degree];longitude [degree];datetime
gsm_grib_to_arrow,925hPa,39,2,10,ceil,latitude [degree];longitude [degree];datetime
gsm_grib_to_arrow,925hPa,42,2,10,ceil,latitude [degree];longitude [degree];datetime
gsm_grib_to_arrow,925hPa,45,2,10,ceil,latitude [degree];longitude [degree];datetime
gsm_grib_to_arrow,925hPa,48,2,10,ceil,latitude [degree];longitude [degree];datetime
gsm_grib_to_arrow,925hPa,51,2,10,ceil,latitude [degree];longitude [degree];datetime
gsm_grib_to_arrow,925hPa,54,2,10,ceil,latitude [degree];longitude [degree];datetime
gsm_grib_to_arrow,925hPa,57,2,10,ceil,latitude [degree];longitude [degree];datetime
gsm_grib_to_arrow,925hPa,60,2,10,ceil,latitude [degree];longitude [degree];datetime
gsm_grib_to_arrow,925hPa,63,2,10,ceil,latitude [degree];longitude [degree];datetime
gsm_grib_to_arrow,925hPa,66,2,10,ceil,latitude [degree];longitude [degree];datetime
gsm_grib_to_arrow,925hPa,69,2,10,ceil,latitude [degree];longitude [degree];datetime
gsm_grib_to_arrow,925hPa,72,2,10,ceil,latitude [degree];longitude [degree];datetime
gsm_grib_to_arrow,925hPa,75,2,10,ceil,latitude [degree];longitude [degree];datetime
gsm_grib_to_arrow,925hPa,78,2,10,ceil,latitude [degree];longitude [degree];datetime
gsm_grib_to_arrow,925hPa,81,2,10,ceil,latitude [degree];longitude [degree];datetime
gsm_grib_to_arrow,925hPa,84,2,10,ceil,latitude [degree];longitude [degree];datetime
gsm_grib_to_arrow,925hPa,87,2,10,ceil,latitude [degree];longitude [degree];datetime
gsm_grib_to_arrow,925hPa,90,2,10,ceil,latitude [degree];longitude [degree];datetime
gsm_grib_to_arrow,925hPa,93,2,10,ceil,latitude [degree];longitude [degree];datetime
gsm_grib_to_arrow,925hPa,96,2,10,ceil,latitude [degree];longitude [degree];datetime
gsm_grib_to_arrow,925hPa,99,2,10,ceil,latitude [degree];longitude [degree];datetime
gsm_grib_to_arrow,925hPa,102,2,10,ceil,latitude [degree];longitude [degree];datetime
gsm_grib_to_arrow,925hPa,105,2,10,ceil,latitude [degree];longitude [degree];datetime
gsm_grib_to_arrow,925hPa,108,2,10,ceil,latitude [degree];longitude [degree];datetime
gsm_grib_to_arrow,925hPa,111,2,10,ceil,latitude [degree];longitude [degree];datetime
gsm_grib_to_arrow,925hPa,114,2,10,ceil,latitude [degree];longitude [degree];datetime
gsm_grib_to_arrow,925hPa,117,2,10,ceil,latitude [degree];longitude [degree];datetime
gsm_grib_to_arrow,925hPa,120,2,10,ceil,latitude [degree];longitude [degree];datetime
gsm_grib_to_arrow,925hPa,123,2,10,ceil,latitude [degree];longitude [degree];datetime
gsm_grib_to_arrow,925hPa,126,2,10,ceil,latitude [degree];longitude [degree];datetime
gsm_grib_to_arrow,925hPa,129,2,10,ceil,latitude [degree];longitude [degree];datetime
gsm_grib_to_arrow,925hPa,132,2,10,ceil,latitude [degree];longitude [degree];datetime
gsm_grib_to_arrow,900hPa,0,2,10,ceil,latitude [degree];longitude [degree];datetime
gsm_grib_to_arrow,900hPa,3,2,10,ceil,latitude [degree];longitude [degree];datetime
gsm_grib_to_arrow,900hPa,6,2,10,ceil,latitude [degree];longitude [degree];datetime
gsm_grib_to_arrow,900hPa,9,2,10,ceil,latitude [degree];longitude [degree];datetime
gsm_grib_to_arrow,900hPa,12,2,10,ceil,latitude [degree];longitude [degree];datetime
gsm_grib_to_arrow,900hPa,15,2,10,ceil,latitude [degree];longitude [degree];datetime
gsm_grib_to_arrow,900hPa,18,2,10,ceil,latitude [degree];longitude [degree];datetime
gsm_grib_to_arrow,900hPa,21,2,10,ceil,latitude [degree];longitude [degree];datetime
gsm_grib_to_arrow,900hPa,24,2,10,ceil,latitude [degree];longitude [degree];datetime
gsm_grib_to_arrow,900hPa,27,2,10,ceil,latitude [degree];longitude [degree];datetime
gsm_grib_to_arrow,900hPa,30,2,10,ceil,latitude [degree];longitude [degree];datetime
gsm_grib_to_arrow,900hPa,33,2,10,ceil,latitude [degree];longitude [degree];datetime
gsm_grib_to_arrow,900hPa,36,2,10,ceil,latitude [degree];longitude [degree];datetime
gsm_grib_to_arrow,900hPa,39,2,10,ceil,latitude [degree];longitude [degree];datetime
gsm_grib_to_arrow,900hPa,42,2,10,ceil,latitude [degree];longitude [degree];datetime
gsm_grib_to_arrow,900hPa,45,2,10,ceil,latitude [degree];longitude [degree];datetime
gsm_grib_to_arrow,900hPa,48,2,10,ceil,latitude [degree];longitude [degree];datetime
gsm_grib_to_arrow,900hPa,51,2,10,ceil,latitude [degree];longitude [degree];datetime
gsm_grib_to_arrow,900hPa,54,2,10,ceil,latitude [degree];longitude [degree];datetime
gsm_grib_to_arrow,900hPa,57,2,10,ceil,latitude [degree];longitude [degree];datetime
gsm_grib_to_arrow,900hPa,60,2,10,ceil,latitude [degree];longitude [degree];datetime
gsm_grib_to_arrow,900hPa,63,2,10,ceil,latitude [degree];longitude [degree];datetime
gsm_grib_to_arrow,900hPa,66,2,10,ceil,latitude [degree];longitude [degree];datetime
gsm_grib_to_arrow,900hPa,69,2,10,ceil,latitude [degree];longitude [degree];datetime
gsm_grib_to_arrow,900hPa,72,2,10,ceil,latitude [degree];longitude [degree];datetime
gsm_grib_to_arrow,900hPa,75,2,10,ceil,latitude [degree];longitude [degree];datetime
gsm_grib_to_arrow,900hPa,78,2,10,ceil,latitude [degree];longitude [degree];datetime
gsm_grib_to_arrow,900hPa,81,2,10,ceil,latitude [degree];longitude [degree];datetime
gsm_grib_to_arrow,900hPa,84,2,10,ceil,latitude [degree];longitude [degree];datetime
gsm_grib_to_arrow,900hPa,87,2,10,ceil,latitude [degree];longitude [degree];datetime
gsm_grib_to_arrow,900hPa,90,2,10,ceil,latitude [degree];longitude [degree];datetime
gsm_grib_to_arrow,900hPa,93,2,10,ceil,latitude [degree];longitude [degree];datetime
gsm_grib_to_arrow,900hPa,96,2,10,ceil,latitude [degree];longitude [degree];datetime
gsm_grib_to_arrow,900hPa,99,2,10,ceil,latitude [degree];longitude [degree];datetime
gsm_grib_to_arrow,900hPa,102,2,10,ceil,latitude [degree];longitude [degree];datetime
gsm_grib_to_arrow,900hPa,105,2,10,ceil,latitude [degree];longitude [degree];datetime
gsm_grib_to_arrow,900hPa,108,2,10,ceil,latitude [degree];longitude [degree];datetime
gsm_grib_to_arrow,900hPa,111,2,10,ceil,latitude [degree];longitude [degree];datetime
gsm_grib_to_arrow,900hPa,114,2,10,ceil,latitude [degree];longitude [degree];datetime
gsm_grib_to_arrow,900hPa,117,2,10,ceil,latitude [degree];longitude [degree];datetime
gsm_grib_to_arrow,900hPa,120,2,10,ceil,latitude [degree];longitude [degree];datetime
gsm_grib_to_arrow,900hPa,123,2,10,ceil,latitude [degree];longitude [degree];datetime
gsm_grib_to_arrow,900hPa,126,2,10,ceil,latitude [degree];longitude [degree];datetime
gsm_grib_to_arrow,900hPa,129,2,10,ceil,latitude [degree];longitude [degree];datetime
gsm_grib_to_arrow,900hPa,132,2,10,ceil,latitude [degree];longitude [degree];datetime
gsm_grib_to_arrow,850hPa,0,2,10,ceil,latitude [degree];longitude [degree];datetime
gsm_grib_to_arrow,850hPa,3,2,10,ceil,latitude [degree];longitude [degree];datetime
gsm_grib_to_arrow,850hPa,6,2,10,ceil,latitude [degree];longitude [degree];datetime
gsm_grib_to_arrow,850hPa,9,2,10,ceil,latitude [degree];longitude [degree];datetime
gsm_grib_to_arrow,850hPa,12,2,10,ceil,latitude [degree];longitude [degree];datetime
gsm_grib_to_arrow,850hPa,15,2,10,ceil,latitude [degree];longitude [degree];datetime
gsm_grib_to_arrow,850hPa,18,2,10,ceil,latitude [degree];longitude [degree];datetime
gsm_grib_to_arrow,850hPa,21,2,10,ceil,latitude [degree];longitude [degree];datetime
gsm_grib_to_arrow,850hPa,24,2,10,ceil,latitude [degree];longitude [degree];datetime
gsm_grib_to_arrow,850hPa,27,2,10,ceil,latitude [degree];longitude [degree];datetime
gsm_grib_to_arrow,850hPa,30,2,10,ceil,latitude [degree];longitude [degree];datetime
gsm_grib_to_arrow,850hPa,33,2,10,ceil,latitude [degree];longitude [degree];datetime
gsm_grib_to_arrow,850hPa,36,2,10,ceil,latitude [degree];longitude [degree];datetime
gsm_grib_to_arrow,850hPa,39,2,10,ceil,latitude [degree];longitude [degree];datetime
gsm_grib_to_arrow,850hPa,42,2,10,ceil,latitude [degree];longitude [degree];datetime
gsm_grib_to_arrow,850hPa,45,2,10,ceil,latitude [degree];longitude [degree];datetime
gsm_grib_to_arrow,850hPa,48,2,10,ceil,latitude [degree];longitude [degree];datetime
gsm_grib_to_arrow,850hPa,51,2,10,ceil,latitude [degree];longitude [degree];datetime
gsm_grib_to_arrow,850hPa,54,2,10,ceil,latitude [degree];longitude [degree];datetime
gsm_grib_to_arrow,850hPa,57,2,10,ceil,latitude [degree];longitude [degree];datetime
gsm_grib_to_arrow,850hPa,60,2,10,ceil,latitude [degree];longitude [degree];datetime
gsm_grib_to_arrow,850hPa,63,2,10,ceil,latitude [degree];longitude [degree];datetime
gsm_grib_to_arrow,850hPa,66,2,10,ceil,latitude [degree];longitude [degree];datetime
gsm_grib_to_arrow,850hPa,69,2,10,ceil,latitude [degree];longitude [degree];datetime
gsm_grib_to_arrow,850hPa,72,2,10,ceil,latitude [degree];longitude [degree];datetime
gsm_grib_to_arrow,850hPa,75,2,10,ceil,latitude [degree];longitude [degree];datetime
gsm_grib_to_arrow,850hPa,78,2,10,ceil,latitude [degree];longitude [degree];datetime
gsm_grib_to_arrow,850hPa,81,2,10,ceil,latitude [degree];longitude [degree];datetime
gsm_grib_to_arrow,850hPa,84,2,10,ceil,latitude [degree];longitude [degree];datetime
gsm_grib_to_arrow,850hPa,87,2,10,ceil,latitude [degree];longitude [degree];datetime
gsm_grib_to_arrow,850hPa,90,2,10,ceil,latitude [degree];longitude [degree];datetime
gsm_grib_to_arrow,850hPa,93,2,10,ceil,latitude [degree];longitude [degree];datetime
gsm_grib_to_arrow,850hPa,96,2,10,ceil,latitude [degree];longitude [degree];datetime
gsm_grib_to_arrow,850hPa,99,2,10,ceil,latitude [degree];longitude [degree];datetime
gsm_grib_to_arrow,850hPa,102,2,10,ceil,latitude [degree];longitude [degree];datetime
gsm_grib_to_arrow,850hPa,105,2,10,ceil,latitude [degree];longitude [degree];datetime
gsm_grib_to_arrow,850hPa,108,2,10,ceil,latitude [degree];longitude [degree];datetime
gsm_grib_to_arrow,850hPa,111,2,10,ceil,latitude [degree];longitude [degree];datetime
gsm_grib_to_arrow,850hPa,114,2,10,ceil,latitude [degree];longitude [degree];datetime
gsm_grib_to_arrow,850hPa,117,2,10,ceil,latitude [degree];longitude [degree];datetime
gsm_grib_to_arrow,850hPa,120,2,10,ceil,latitude [degree];longitude [degree];datetime
gsm_grib_to_arrow,850hPa,123,2,10,ceil,latitude [degree];longitude [degree];datetime
gsm_grib_to_arrow,850hPa,126,2,10,ceil,latitude [degree];longitude [degree];datetime
gsm_grib_to_arrow,850hPa,129,2,10,ceil,latitude [degree];longitude [degree];datetime
gsm_grib_to_arrow,850hPa,132,2,10,ceil,latitude [degree];longitude [degree];datetime
gsm_grib_to_arrow,700hPa,0,2,10,ceil,latitude [degree];longitude [degree];datetime
gsm_grib_to_arrow,700hPa,3,2,10,ceil,latitude [degree];longitude [degree];datetime
gsm_grib_to_arrow,700hPa,6,2,10,ceil,latitude [degree];longitude [degree];datetime
gsm_grib_to_arrow,700hPa,9,2,10,ceil,latitude [degree];longitude [degree];datetime
gsm_grib_to_arrow,700hPa,12,2,10,ceil,latitude [degree];longitude [degree];datetime
gsm_grib_to_arrow,700hPa,15,2,10,ceil,latitude [degree];longitude [degree];datetime
gsm_grib_to_arrow,700hPa,18,2,10,ceil,latitude [degree];longitude [degree];datetime
gsm_grib_to_arrow,700hPa,21,2,10,ceil,latitude [degree];longitude [degree];datetime
gsm_grib_to_arrow,700hPa,24,2,10,ceil,latitude [degree];longitude [degree];datetime
gsm_grib_to_arrow,700hPa,27,2,10,ceil,latitude [degree];longitude [degree];datetime
gsm_grib_to_arrow,700hPa,30,2,10,ceil,latitude [degree];longitude [degree];datetime
gsm_grib_to_arrow,700hPa,33,2,10,ceil,latitude [degree];longitude [degree];datetime
gsm_grib_to_arrow,700hPa,36,2,10,ceil,latitude [degree];longitude [degree];datetime
gsm_grib_to_arrow,700hPa,39,2,10,ceil,latitude [degree];longitude [degree];datetime
gsm_grib_to_arrow,700hPa,42,2,10,ceil,latitude [degree];longitude [degree];datetime
gsm_grib_to_arrow,700hPa,45,2,10,ceil,latitude [degree];longitude [degree];datetime
gsm_grib_to_arrow,700hPa,48,2,10,ceil,latitude [degree];longitude [degree];datetime
gsm_grib_to_arrow,700hPa,51,2,10,ceil,latitude [degree];longitude [degree];datetime
gsm_grib_to_arrow,700hPa,54,2,10,ceil,latitude [degree];longitude [degree];datetime
gsm_grib_to_arrow,700hPa,57,2,10,ceil,latitude [degree];longitude [degree];datetime
gsm_grib_to_arrow,700hPa,60,2,10,ceil,latitude [degree];longitude [degree];datetime
gsm_grib_to_arrow,700hPa,63,2,10,ceil,latitude [degree];longitude [degree];datetime
gsm_grib_to_arrow,700hPa,66,2,10,ceil,latitude [degree];longitude [degree];datetime
gsm_grib_to_arrow,700hPa,69,2,10,ceil,latitude [degree];longitude [degree];datetime
gsm_grib_to_arrow,700hPa,72,2,10,ceil,latitude [degree];longitude [degree];datetime
gsm_grib_to_arrow,700hPa,75,2,10,ceil,latitude [degree];longitude [degree];datetime
gsm_grib_to_arrow,700hPa,78,2,10,ceil,latitude [degree];longitude [degree];datetime
gsm_grib_to_arrow,700hPa,81,2,10,ceil,latitude [degree];longitude [degree];datetime
gsm_grib_to_arrow,700hPa,84,2,10,ceil,latitude [degree];longitude [degree];datetime
gsm_grib_to_arrow,700hPa,87,2,10,ceil,latitude [degree];longitude [degree];datetime
gsm_grib_to_arrow,700hPa,90,2,10,ceil,latitude [degree];longitude [degree];datetime
gsm_grib_to_arrow,700hPa,93,2,10,ceil,latitude [degree];longitude [degree];datetime
gsm_grib_to_arrow,700hPa,96,2,10,ceil,latitude [degree];longitude [degree];datetime
gsm_grib_to_arrow,700hPa,99,2,10,ceil,latitude [degree];longitude [degree];datetime
gsm_grib_to_arrow,700hPa,102,2,10,ceil,latitude [degree];longitude [degree];datetime
gsm_grib_to_arrow,700hPa,105,2,10,ceil,latitude [degree];longitude [degree];datetime
gsm_grib_to_arrow,700hPa,108,2,10,ceil,latitude [degree];longitude [degree];datetime
gsm_grib_to_arrow,700hPa,111,2,10,ceil,latitude [degree];longitude [degree];datetime
gsm_grib_to_arrow,700hPa,114,2,10,ceil,latitude [degree];longitude [degree];datetime
gsm_grib_to_arrow,700hPa,117,2,10,ceil,latitude [degree];longitude [degree];datetime
gsm_grib_to_arrow,700hPa,120,2,10,ceil,latitude [degree];longitude [degree];datetime
gsm_grib_to_arrow,700hPa,123,2,10,ceil,latitude [degree];longitude [degree];datetime
gsm_grib_to_arrow,700hPa,126,2,10,ceil,latitude [degree];longitude [degree];datetime
gsm_grib_to_arrow,700hPa,129,2,10,ceil,latitude [degree];longitude [degree];datetime
gsm_grib_to_arrow,700hPa,132,2,10,ceil,latitude [degree];longitude [degree];datetime
gsm_grib_to_arrow,600hPa,0,2,10,ceil,latitude [degree];longitude [degree];datetime
gsm_grib_to_arrow,600hPa,3,2,10,ceil,latitude [degree];longitude [degree];datetime
gsm_grib_to_arrow,600hPa,6,2,10,ceil,latitude [degree];longitude [degree];datetime
gsm_grib_to_arrow,600hPa,9,2,10,ceil,latitude [degree];longitude [degree];datetime
gsm_grib_to_arrow,600hPa,12,2,10,ceil,latitude [degree];longitude [degree];datetime
gsm_grib_to_arrow,600hPa,15,2,10,ceil,latitude [degree];longitude [degree];datetime
gsm_grib_to_arrow,600hPa,18,2,10,ceil,latitude [degree];longitude [degree];datetime
gsm_grib_to_arrow,600hPa,21,2,10,ceil,latitude [degree];longitude [degree];datetime
gsm_grib_to_arrow,600hPa,24,2,10,ceil,latitude [degree];longitude [degree];datetime
gsm_grib_to_arrow,600hPa,27,2,10,ceil,latitude [degree];longitude [degree];datetime
gsm_grib_to_arrow,600hPa,30,2,10,ceil,latitude [degree];longitude [degree];datetime
gsm_grib_to_arrow,600hPa,33,2,10,ceil,latitude [degree];longitude [degree];datetime
gsm_grib_to_arrow,600hPa,36,2,10,ceil,latitude [degree];longitude [degree];datetime
gsm_grib_to_arrow,600hPa,39,2,10,ceil,latitude [degree];longitude [degree];datetime
gsm_grib_to_arrow,600hPa,42,2,10,ceil,latitude [degree];longitude [degree];datetime
gsm_grib_to_arrow,600hPa,45,2,10,ceil,latitude [degree];longitude [degree];datetime
gsm_grib_to_arrow,600hPa,48,2,10,ceil,latitude [degree];longitude [degree];datetime
gsm_grib_to_arrow,600hPa,51,2,10,ceil,latitude [degree];longitude [degree];datetime
gsm_grib_to_arrow,600hPa,54,2,10,ceil,latitude [degree];longitude [degree];datetime
gsm_grib_to_arrow,600hPa,57,2,10,ceil,latitude [degree];longitude [degree];datetime
gsm_grib_to_arrow,600hPa,60,2,10,ceil,latitude [degree];longitude [degree];datetime
gsm_grib_to_arrow,600hPa,63,2,10,ceil,latitude [degree];longitude [degree];datetime
gsm_grib_to_arrow,600hPa,66,2,10,ceil,latitude [degree];longitude [degree];datetime
gsm_grib_to_arrow,600hPa,69,2,10,ceil,latitude [degree];longitude [degree];datetime
gsm_grib_to_arrow,600hPa,72,2,10,ceil,latitude [degree];longitude [degree];datetime
gsm_grib_to_arrow,600hPa,75,2,10,ceil,latitude [degree];longitude [degree];datetime
gsm_grib_to_arrow,600hPa,78,2,10,ceil,latitude [degree];longitude [degree];datetime
gsm_grib_to_arrow,600hPa,81,2,10,ceil,latitude [degree];longitude [degree];datetime
gsm_grib_to_arrow,600hPa,84,2,10,ceil,latitude [degree];longitude [degree];datetime
gsm_grib_to_arrow,600hPa,87,2,10,ceil,latitude [degree];longitude [degree];datetime
gsm_grib_to_arrow,600hPa,90,2,10,ceil,latitude [degree];longitude [degree];datetime
gsm_grib_to_arrow,600hPa,93,2,10,ceil,latitude [degree];longitude [degree];datetime
gsm_grib_to_arrow,600hPa,96,2,10,ceil,latitude [degree];longitude [degree];datetime
gsm_grib_to_arrow,600hPa,99,2,10,ceil,latitude [degree];longitude [degree];datetime
gsm_grib_to_arrow,600hPa,102,2,10,ceil,latitude [degree];longitude [degree];datetime
gsm_grib_to_arrow,600hPa,105,2,10,ceil,latitude [degree];longitude [degree];datetime
gsm_grib_to_arrow,600hPa,108,2,10,ceil,latitude [degree];longitude [degree];datetime
gsm_grib_to_arrow,600hPa,111,2,10,ceil,latitude [degree];longitude [degree];datetime
gsm_grib_to_arrow,600hPa,114,2,10,ceil,latitude [degree];longitude [degree];datetime
gsm_grib_to_arrow,600hPa,117,2,10,ceil,latitude [degree];longitude [degree];datetime
gsm_grib_to_arrow,600hPa,120,2,10,ceil,latitude [degree];longitude [degree];datetime
gsm_grib_to_arrow,600hPa,123,2,10,ceil,latitude [degree];longitude [degree];datetime
gsm_grib_to_arrow,600hPa,126,2,10,ceil,latitude [degree];longitude [degree];datetime
gsm_grib_to_arrow,600hPa,129,2,10,ceil,latitude [degree];longitude [degree];datetime
gsm_grib_to_arrow,600hPa,132,2,10,ceil,latitude [degree];longitude [degree];datetime
gsm_grib_to_arrow,500hPa,0,2,10,ceil,latitude [degree];longitude [degree];datetime
gsm_grib_to_arrow,500hPa,3,2,10,ceil,latitude [degree];longitude [degree];datetime
gsm_grib_to_arrow,500hPa,6,2,10,ceil,latitude [degree];longitude [degree];datetime
gsm_grib_to_arrow,500hPa,9,2,10,ceil,latitude [degree];longitude [degree];datetime
gsm_grib_to_arrow,500hPa,12,2,10,ceil,latitude [degree];longitude [degree];datetime
gsm_grib_to_arrow,500hPa,15,2,10,ceil,latitude [degree];longitude [degree];datetime
gsm_grib_to_arrow,500hPa,18,2,10,ceil,latitude [degree];longitude [degree];datetime
gsm_grib_to_arrow,500hPa,21,2,10,ceil,latitude [degree];longitude [degree];datetime
gsm_grib_to_arrow,500hPa,24,2,10,ceil,latitude [degree];longitude [degree];datetime
gsm_grib_to_arrow,500hPa,27,2,10,ceil,latitude [degree];longitude [degree];datetime
gsm_grib_to_arrow,500hPa,30,2,10,ceil,latitude [degree];longitude [degree];datetime
gsm_grib_to_arrow,500hPa,33,2,10,ceil,latitude [degree];longitude [degree];datetime
gsm_grib_to_arrow,500hPa,36,2,10,ceil,latitude [degree];longitude [degree];datetime
gsm_grib_to_arrow,500hPa,39,2,10,ceil,latitude [degree];longitude [degree];datetime
gsm_grib_to_arrow,500hPa,42,2,10,ceil,latitude [degree];longitude [degree];datetime
gsm_grib_to_arrow,500hPa,45,2,10,ceil,latitude [degree];longitude [degree];datetime
gsm_grib_to_arrow,500hPa,48,2,10,ceil,latitude [degree];longitude [degree];datetime
gsm_grib_to_arrow,500hPa,51,2,10,ceil,latitude [degree];longitude [degree];datetime
gsm_grib_to_arrow,500hPa,54,2,10,ceil,latitude [degree];longitude [degree];datetime
gsm_grib_to_arrow,500hPa,57,2,10,ceil,latitude [degree];longitude [degree];datetime
gsm_grib_to_arrow,500hPa,60,2,10,ceil,latitude [degree];longitude [degree];datetime
gsm_grib_to_arrow,500hPa,63,2,10,ceil,latitude [degree];longitude [degree];datetime
gsm_grib_to_arrow,500hPa,66,2,10,ceil,latitude [degree];longitude [degree];datetime
gsm_grib_to_arrow,500hPa,69,2,10,ceil,latitude [degree];longitude [degree];datetime
gsm_grib_to_arrow,500hPa,72,2,10,ceil,latitude [degree];longitude [degree];datetime
gsm_grib_to_arrow,500hPa,75,2,10,ceil,latitude [degree];longitude [degree];datetime
gsm_grib_to_arrow,500hPa,78,2,10,ceil,latitude [degree];longitude [degree];datetime
gsm_grib_to_arrow,500hPa,81,2,10,ceil,latitude [degree];longitude [degree];datetime
gsm_grib_to_arrow,500hPa,84,2,10,ceil,latitude [degree];longitude [degree];datetime
gsm_grib_to_arrow,500hPa,87,2,10,ceil,latitude [degree];longitude [degree];datetime
gsm_grib_to_arrow,500hPa,90,2,10,ceil,latitude [degree];longitude [degree];datetime
gsm_grib_to_arrow,500hPa,93,2,10,ceil,latitude [degree];longitude [degree];datetime
gsm_grib_to_arrow,500hPa,96,2,10,ceil,latitude [degree];longitude [degree];datetime
gsm_grib_to_arrow,500hPa,99,2,10,ceil,latitude [degree];longitude [degree];datetime
gsm_grib_to_arrow,500hPa,102,2,10,ceil,latitude [degree];longitude [degree];datetime
gsm_grib_to_arrow,500hPa,105,2,10,ceil,latitude [degree];longitude [degree];datetime
gsm_grib_to_arrow,500hPa,108,2,10,ceil,latitude [degree];longitude [degree];datetime
gsm_grib_to_arrow,500hPa,111,2,10,ceil,latitude [degree];longitude [degree];datetime
gsm_grib_to_arrow,500hPa,114,2,10,ceil,latitude [degree];longitude [degree];datetime
gsm_grib_to_arrow,500hPa,117,2,10,ceil,latitude [degree];longitude [degree];datetime
gsm_grib_to_arrow,500hPa,120,2,10,ceil,latitude [degree];longitude [degree];datetime
gsm_grib_to_arrow,500hPa,123,2,10,ceil,latitude [degree];longitude [degree];datetime
gsm_grib_to_arrow,500hPa,126,2,10,ceil,latitude [degree];longitude [degree];datetime
gsm_grib_to_arrow,500hPa,129,2,10,ceil,latitude [degree];longitude [degree];datetime
gsm_grib_to_arrow,500hPa,132,2,10,ceil,latitude [degree];longitude [degree];datetime
gsm_grib_to_arrow,400hPa,0,2,10,ceil,latitude [degree];longitude [degree];datetime
gsm_grib_to_arrow,400hPa,3,2,10,ceil,latitude [degree];longitude [degree];datetime
gsm_grib_to_arrow,400hPa,6,2,10,ceil,latitude [degree];longitude [degree];datetime
gsm_grib_to_arrow,400hPa,9,2,10,ceil,latitude [degree];longitude [degree];datetime
gsm_grib_to_arrow,400hPa,12,2,10,ceil,latitude [degree];longitude [degree];datetime
gsm_grib_to_arrow,400hPa,15,2,10,ceil,latitude [degree];longitude [degree];datetime
gsm_grib_to_arrow,400hPa,18,2,10,ceil,latitude [degree];longitude [degree];datetime
gsm_grib_to_arrow,400hPa,21,2,10,ceil,latitude [degree];longitude [degree];datetime
gsm_grib_to_arrow,400hPa,24,2,10,ceil,latitude [degree];longitude [degree];datetime
gsm_grib_to_arrow,400hPa,27,2,10,ceil,latitude [degree];longitude [degree];datetime
gsm_grib_to_arrow,400hPa,30,2,10,ceil,latitude [degree];longitude [degree];datetime
gsm_grib_to_arrow,400hPa,33,2,10,ceil,latitude [degree];longitude [degree];datetime
gsm_grib_to_arrow,400hPa,36,2,10,ceil,latitude [degree];longitude [degree];datetime
gsm_grib_to_arrow,400hPa,39,2,10,ceil,latitude [degree];longitude [degree];datetime
gsm_grib_to_arrow,400hPa,42,2,10,ceil,latitude [degree];longitude [degree];datetime
gsm_grib_to_arrow,400hPa,45,2,10,ceil,latitude [degree];longitude [degree];datetime
gsm_grib_to_arrow,400hPa,48,2,10,ceil,latitude [degree];longitude [degree];datetime
gsm_grib_to_arrow,400hPa,51,2,10,ceil,latitude [degree];longitude [degree];datetime
gsm_grib_to_arrow,400hPa,54,2,10,ceil,latitude [degree];longitude [degree];datetime
gsm_grib_to_arrow,400hPa,57,2,10,ceil,latitude [degree];longitude [degree];datetime
gsm_grib_to_arrow,400hPa,60,2,10,ceil,latitude [degree];longitude [degree];datetime
gsm_grib_to_arrow,400hPa,63,2,10,ceil,latitude [degree];longitude [degree];datetime
gsm_grib_to_arrow,400hPa,66,2,10,ceil,latitude [degree];longitude [degree];datetime
gsm_grib_to_arrow,400hPa,69,2,10,ceil,latitude [degree];longitude [degree];datetime
gsm_grib_to_arrow,400hPa,72,2,10,ceil,latitude [degree];longitude [degree];datetime
gsm_grib_to_arrow,400hPa,75,2,10,ceil,latitude [degree];longitude [degree];datetime
gsm_grib_to_arrow,400hPa,78,2,10,ceil,latitude [degree];longitude [degree];datetime
gsm_grib_to_arrow,400hPa,81,2,10,ceil,latitude [degree];longitude [degree];datetime
gsm_grib_to_arrow,400hPa,84,2,10,ceil,latitude [degree];longitude [degree];datetime
gsm_grib_to_arrow,400hPa,87,2,10,ceil,latitude [degree];longitude [degree];datetime
gsm_grib_to_arrow,400hPa,90,2,10,ceil,latitude [degree];longitude [degree];datetime
gsm_grib_to_arrow,400hPa,93,2,10,ceil,latitude [degree];longitude [degree];datetime
gsm_grib_to_arrow,400hPa,96,2,10,ceil,latitude [degree];longitude [degree];datetime
gsm_grib_to_arrow,400hPa,99,2,10,ceil,latitude [degree];longitude [degree];datetime
gsm_grib_to_arrow,400hPa,102,2,10,ceil,latitude [degree];longitude [degree];datetime
gsm_grib_to_arrow,400hPa,105,2,10,ceil,latitude [degree];longitude [degree];datetime
gsm_grib_to_arrow,400hPa,108,2,10,ceil,latitude [degree];longitude [degree];datetime
gsm_grib_to_arrow,400hPa,111,2,10,ceil,latitude [degree];longitude [degree];datetime
gsm_grib_to_arrow,400hPa,114,2,10,ceil,latitude [degree];longitude [degree];datetime
gsm_grib_to_arrow,400hPa,117,2,10,ceil,latitude [degree];longitude [degree];datetime
gsm_grib_to_arrow,400hPa,120,2,10,ceil,latitude [degree];longitude [degree];datetime
gsm_grib_to_arrow,400hPa,123,2,10,ceil,latitude [degree];longitude [degree];datetime
gsm_grib_to_arrow,400hPa,126,2,10,ceil,latitude [degree];longitude [degree];datetime
gsm_grib_to_arrow,400hPa,129,2,10,ceil,latitude [degree];longitude [degree];datetime
gsm_grib_to_arrow,400hPa,132,2,10,ceil,latitude [degree];longitude [degree];datetime
gsm_grib_to_arrow,300hPa,0,2,10,ceil,latitude [degree];longitude [degree];datetime
gsm_grib_to_arrow,300hPa,3,2,10,ceil,latitude [degree];longitude [degree];datetime
gsm_grib_to_arrow,300hPa,6,2,10,ceil,latitude [degree];longitude [degree];datetime
gsm_grib_to_arrow,300hPa,9,2,10,ceil,latitude [degree];longitude [degree];datetime
gsm_grib_to_arrow,300hPa,12,2,10,ceil,latitude [degree];longitude [degree];datetime
gsm_grib_to_arrow,300hPa,15,2,10,ceil,latitude [degree];longitude [degree];datetime
gsm_grib_to_arrow,300hPa,18,2,10,ceil,latitude [degree];longitude [degree];datetime
gsm_grib_to_arrow,300hPa,21,2,10,ceil,latitude [degree];longitude [degree];datetime
gsm_grib_to_arrow,300hPa,24,2,10,ceil,latitude [degree];longitude [degree];datetime
gsm_grib_to_arrow,300hPa,27,2,10,ceil,latitude [degree];longitude [degree];datetime
gsm_grib_to_arrow,300hPa,30,2,10,ceil,latitude [degree];longitude [degree];datetime
gsm_grib_to_arrow,300hPa,33,2,10,ceil,latitude [degree];longitude [degree];datetime
gsm_grib_to_arrow,300hPa,36,2,10,ceil,latitude [degree];longitude [degree];datetime
gsm_grib_to_arrow,300hPa,39,2,10,ceil,latitude [degree];longitude [degree];datetime
gsm_grib_to_arrow,300hPa,42,2,10,ceil,latitude [degree];longitude [degree];datetime
gsm_grib_to_arrow,300hPa,45,2,10,ceil,latitude [degree];longitude [degree];datetime
gsm_grib_to_arrow,300hPa,48,2,10,ceil,latitude [degree];longitude [degree];datetime
gsm_grib_to_arrow,300hPa,51,2,10,ceil,latitude [degree];longitude [degree];datetime
gsm_grib_to_arrow,300hPa,54,2,10,ceil,latitude [degree];longitude [degree];datetime
gsm_grib_to_arrow,300hPa,57,2,10,ceil,latitude [degree];longitude [degree];datetime
gsm_grib_to_arrow,300hPa,60,2,10,ceil,latitude [degree];longitude [degree];datetime
gsm_grib_to_arrow,300hPa,63,2,10,ceil,latitude [degree];longitude [degree];datetime
gsm_grib_to_arrow,300hPa,66,2,10,ceil,latitude [degree];longitude [degree];datetime
gsm_grib_to_arrow,300hPa,69,2,10,ceil,latitude [degree];longitude [degree];datetime
gsm_grib_to_arrow,300hPa,72,2,10,ceil,latitude [degree];longitude [degree];datetime
gsm_grib_to_arrow,300hPa,75,2,10,ceil,latitude [degree];longitude [degree];datetime
gsm_grib_to_arrow,300hPa,78,2,10,ceil,latitude [degree];longitude [degree];datetime
gsm_grib_to_arrow,300hPa,81,2,10,ceil,latitude [degree];longitude [degree];datetime
gsm_grib_to_arrow,300hPa,84,2,10,ceil,latitude [degree];longitude [degree];datetime
gsm_grib_to_arrow,300hPa,87,2,10,ceil,latitude [degree];longitude [degree];datetime
gsm_grib_to_arrow,300hPa,90,2,10,ceil,latitude [degree];longitude [degree];datetime
gsm_grib_to_arrow,300hPa,93,2,10,ceil,latitude [degree];longitude [degree];datetime
gsm_grib_to_arrow,300hPa,96,2,10,ceil,latitude [degree];longitude [degree];datetime
gsm_grib_to_arrow,300hPa,99,2,10,ceil,latitude [degree];longitude [degree];datetime
gsm_grib_to_arrow,300hPa,102,2,10,ceil,latitude [degree];longitude [degree];datetime
gsm_grib_to_arrow,300hPa,105,2,10,ceil,latitude [degree];longitude [degree];datetime
gsm_grib_to_arrow,300hPa,108,2,10,ceil,latitude [degree];longitude [degree];datetime
gsm_grib_to_arrow,300hPa,111,2,10,ceil,latitude [degree];longitude [degree];datetime
gsm_grib_to_arrow,300hPa,114,2,10,ceil,latitude [degree];longitude [degree];datetime
gsm_grib_to_arrow,300hPa,117,2,10,ceil,latitude [degree];longitude [degree];datetime
gsm_grib_to_arrow,300hPa,120,2,10,ceil,latitude [degree];longitude [degree];datetime
gsm_grib_to_arrow,300hPa,123,2,10,ceil,latitude [degree];longitude [degree];datetime
gsm_grib_to_arrow,300hPa,126,2,10,ceil,latitude [degree];longitude [degree];datetime
gsm_grib_to_arrow,300hPa,129,2,10,ceil,latitude [degree];longitude [degree];datetime
gsm_grib_to_arrow,300hPa,132,2,10,ceil,latitude [degree];longitude [degree];datetime
gsm_grib_to_arrow,250hPa,0,2,10,ceil,latitude [degree];longitude [degree];datetime
gsm_grib_to_arrow,250hPa,3,2,10,ceil,latitude [degree];longitude [degree];datetime
gsm_grib_to_arrow,250hPa,6,2,10,ceil,latitude [degree];longitude [degree];datetime
gsm_grib_to_arrow,250hPa,9,2,10,ceil,latitude [degree];longitude [degree];datetime
gsm_grib_to_arrow,250hPa,12,2,10,ceil,latitude [degree];longitude [degree];datetime
gsm_grib_to_arrow,250hPa,15,2,10,ceil,latitude [degree];longitude [degree];datetime
gsm_grib_to_arrow,250hPa,18,2,10,ceil,latitude [degree];longitude [degree];datetime
gsm_grib_to_arrow,250hPa,21,2,10,ceil,latitude [degree];longitude [degree];datetime
gsm_grib_to_arrow,250hPa,24,2,10,ceil,latitude [degree];longitude [degree];datetime
gsm_grib_to_arrow,250hPa,27,2,10,ceil,latitude [degree];longitude [degree];datetime
gsm_grib_to_arrow,250hPa,30,2,10,ceil,latitude [degree];longitude [degree];datetime
gsm_grib_to_arrow,250hPa,33,2,10,ceil,latitude [degree];longitude [degree];datetime
gsm_grib_to_arrow,250hPa,36,2,10,ceil,latitude [degree];longitude [degree];datetime
gsm_grib_to_arrow,250hPa,39,2,10,ceil,latitude [degree];longitude [degree];datetime
gsm_grib_to_arrow,250hPa,42,2,10,ceil,latitude [degree];longitude [degree];datetime
gsm_grib_to_arrow,250hPa,45,2,10,ceil,latitude [degree];longitude [degree];datetime
gsm_grib_to_arrow,250hPa,48,2,10,ceil,latitude [degree];longitude [degree];datetime
gsm_grib_to_arrow,250hPa,51,2,10,ceil,latitude [degree];longitude [degree];datetime
gsm_grib_to_arrow,250hPa,54,2,10,ceil,latitude [degree];longitude [degree];datetime
gsm_grib_to_arrow,250hPa,57,2,10,ceil,latitude [degree];longitude [degree];datetime
gsm_grib_to_arrow,250hPa,60,2,10,ceil,latitude [degree];longitude [degree];datetime
gsm_grib_to_arrow,250hPa,63,2,10,ceil,latitude [degree];longitude [degree];datetime
gsm_grib_to_arrow,250hPa,66,2,10,ceil,latitude [degree];longitude [degree];datetime
gsm_grib_to_arrow,250hPa,69,2,10,ceil,latitude [degree];longitude [degree];datetime
gsm_grib_to_arrow,250hPa,72,2,10,ceil,latitude [degree];longitude [degree];datetime
gsm_grib_to_arrow,250hPa,75,2,10,ceil,latitude [degree];longitude [degree];datetime
gsm_grib_to_arrow,250hPa,78,2,10,ceil,latitude [degree];longitude [degree];datetime
gsm_grib_to_arrow,250hPa,81,2,10,ceil,latitude [degree];longitude [degree];datetime
gsm_grib_to_arrow,250hPa,84,2,10,ceil,latitude [degree];longitude [degree];datetime
gsm_grib_to_arrow,250hPa,87,2,10,ceil,latitude [degree];longitude [degree];datetime
gsm_grib_to_arrow,250hPa,90,2,10,ceil,latitude [degree];longitude [degree];datetime
gsm_grib_to_arrow,250hPa,93,2,10,ceil,latitude [degree];longitude [degree];datetime
gsm_grib_to_arrow,250hPa,96,2,10,ceil,latitude [degree];longitude [degree];datetime
gsm_grib_to_arrow,250hPa,99,2,10,ceil,latitude [degree];longitude [degree];datetime
gsm_grib_to_arrow,250hPa,102,2,10,ceil,latitude [degree];longitude [degree];datetime
gsm_grib_to_arrow,250hPa,105,2,10,ceil,latitude [degree];longitude [degree];datetime
gsm_grib_to_arrow,250hPa,108,2,10,ceil,latitude [degree];longitude [degree];datetime
gsm_grib_to_arrow,250hPa,111,2,10,ceil,latitude [degree];longitude [degree];datetime
gsm_grib_to_arrow,250hPa,114,2,10,ceil,latitude [degree];longitude [degree];datetime
gsm_grib_to_arrow,250hPa,117,2,10,ceil,latitude [degree];longitude [degree];datetime
gsm_grib_to_arrow,250hPa,120,2,10,ceil,latitude [degree];longitude [degree];datetime
gsm_grib_to_arrow,250hPa,123,2,10,ceil,latitude [degree];longitude [degree];datetime
gsm_grib_to_arrow,250hPa,126,2,10,ceil,latitude [degree];longitude [degree];datetime
gsm_grib_to_arrow,250hPa,129,2,10,ceil,latitude [degree];longitude [degree];datetime
gsm_grib_to_arrow,250hPa,132,2,10,ceil,latitude [degree];longitude [degree];datetime
gsm_grib_to_arrow,200hPa,0,2,10,ceil,latitude [degree];longitude [degree];datetime
gsm_grib_to_arrow,200hPa,3,2,10,ceil,latitude [degree];longitude [degree];datetime
gsm_grib_to_arrow,200hPa,6,2,10,ceil,latitude [degree];longitude [degree];datetime
gsm_grib_to_arrow,200hPa,9,2,10,ceil,latitude [degree];longitude [degree];datetime
gsm_grib_to_arrow,200hPa,12,2,10,ceil,latitude [degree];longitude [degree];datetime
gsm_grib_to_arrow,200hPa,15,2,10,ceil,latitude [degree];longitude [degree];datetime
gsm_grib_to_arrow,200hPa,18,2,10,ceil,latitude [degree];longitude [degree];datetime
gsm_grib_to_arrow,200hPa,21,2,10,ceil,latitude [degree];longitude [degree];datetime
gsm_grib_to_arrow,200hPa,24,2,10,ceil,latitude [degree];longitude [degree];datetime
gsm_grib_to_arrow,200hPa,27,2,10,ceil,latitude [degree];longitude [degree];datetime
gsm_grib_to_arrow,200hPa,30,2,10,ceil,latitude [degree];longitude [degree];datetime
gsm_grib_to_arrow,200hPa,33,2,10,ceil,latitude [degree];longitude [degree];datetime
gsm_grib_to_arrow,200hPa,36,2,10,ceil,latitude [degree];longitude [degree];datetime
gsm_grib_to_arrow,200hPa,39,2,10,ceil,latitude [degree];longitude [degree];datetime
gsm_grib_to_arrow,200hPa,42,2,10,ceil,latitude [degree];longitude [degree];datetime
gsm_grib_to_arrow,200hPa,45,2,10,ceil,latitude [degree];longitude [degree];datetime
gsm_grib_to_arrow,200hPa,48,2,10,ceil,latitude [degree];longitude [degree];datetime
gsm_grib_to_arrow,200hPa,51,2,10,ceil,latitude [degree];longitude [degree];datetime
gsm_grib_to_arrow,200hPa,54,2,10,ceil,latitude [degree];longitude [degree];datetime
gsm_grib_to_arrow,200hPa,57,2,10,ceil,latitude [degree];longitude [degree];datetime
gsm_grib_to_arrow,200hPa,60,2,10,ceil,latitude [degree];longitude [degree];datetime
gsm_grib_to_arrow,200hPa,63,2,10,ceil,latitude [degree];longitude [degree];datetime
gsm_grib_to_arrow,200hPa,66,2,10,ceil,latitude [degree];longitude [degree];datetime
gsm_grib_to_arrow,200hPa,69,2,10,ceil,latitude [degree];longitude [degree];datetime
gsm_grib_to_arrow,200hPa,72,2,10,ceil,latitude [degree];longitude [degree];datetime
gsm_grib_to_arrow,200hPa,75,2,10,ceil,latitude [degree];longitude [degree];datetime
gsm_grib_to_arrow,200hPa,78,2,10,ceil,latitude [degree];longitude [degree];datetime
gsm_grib_to_arrow,200hPa,81,2,10,ceil,latitude [degree];longitude [degree];datetime
gsm_grib_to_arrow,200hPa,84,2,10,ceil,latitude [degree];longitude [degree];datetime
gsm_grib_to_arrow,200hPa,87,2,10,ceil,latitude [degree];longitude [degree];datetime
gsm_grib_to_arrow,200hPa,90,2,10,ceil,latitude [degree];longitude [degree];datetime
gsm_grib_to_arrow,200hPa,93,2,10,ceil,latitude [degree];longitude [degree];datetime
gsm_grib_to_arrow,200hPa,96,2,10,ceil,latitude [degree];longitude [degree];datetime
gsm_grib_to_arrow,200hPa,99,2,10,ceil,latitude [degree];longitude [degree];datetime
gsm_grib_to_arrow,200hPa,102,2,10,ceil,latitude [degree];longitude [degree];datetime
gsm_grib_to_arrow,200hPa,105,2,10,ceil,latitude [degree];longitude [degree];datetime
gsm_grib_to_arrow,200hPa,108,2,10,ceil,latitude [degree];longitude [degree];datetime
gsm_grib_to_arrow,200hPa,111,2,10,ceil,latitude [degree];longitude [degree];datetime
gsm_grib_to_arrow,200hPa,114,2,10,ceil,latitude [degree];longitude [degree];datetime
gsm_grib_to_arrow,200hPa,117,2,10,ceil,latitude [degree];longitude [degree];datetime
gsm_grib_to_arrow,200hPa,120,2,10,ceil,latitude [degree];longitude [degree];datetime
gsm_grib_to_arrow,200hPa,123,2,10,ceil,latitude [degree];longitude [degree];datetime
gsm_grib_to_arrow,200hPa,126,2,10,ceil,latitude [degree];longitude [degree];datetime
gsm_grib_to_arrow,200hPa,129,2,10,ceil,latitude [degree];longitude [degree];datetime
gsm_grib_to_arrow,200hPa,132,2,10,ceil,latitude [degree];longitude [degree];datetime
gsm_grib_to_arrow,150hPa,0,2,10,ceil,latitude [degree];longitude [degree];datetime
gsm_grib_to_arrow,150hPa,3,2,10,ceil,latitude [degree];longitude [degree];datetime
gsm_grib_to_arrow,150hPa,6,2,10,ceil,latitude [degree];longitude [degree];datetime
gsm_grib_to_arrow,150hPa,9,2,10,ceil,latitude [degree];longitude [degree];datetime
gsm_grib_to_arrow,150hPa,12,2,10,ceil,latitude [degree];longitude [degree];datetime
gsm_grib_to_arrow,150hPa,15,2,10,ceil,latitude [degree];longitude [degree];datetime
gsm_grib_to_arrow,150hPa,18,2,10,ceil,latitude [degree];longitude [degree];datetime
gsm_grib_to_arrow,150hPa,21,2,10,ceil,latitude [degree];longitude [degree];datetime
gsm_grib_to_arrow,150hPa,24,2,10,ceil,latitude [degree];longitude [degree];datetime
gsm_grib_to_arrow,150hPa,27,2,10,ceil,latitude [degree];longitude [degree];datetime
gsm_grib_to_arrow,150hPa,30,2,10,ceil,latitude [degree];longitude [degree];datetime
gsm_grib_to_arrow,150hPa,33,2,10,ceil,latitude [degree];longitude [degree];datetime
gsm_grib_to_arrow,150hPa,36,2,10,ceil,latitude [degree];longitude [degree];datetime
gsm_grib_to_arrow,150hPa,39,2,10,ceil,latitude [degree];longitude [degree];datetime
gsm_grib_to_arrow,150hPa,42,2,10,ceil,latitude [degree];longitude [degree];datetime
gsm_grib_to_arrow,150hPa,45,2,10,ceil,latitude [degree];longitude [degree];datetime
gsm_grib_to_arrow,150hPa,48,2,10,ceil,latitude [degree];longitude [degree];datetime
gsm_grib_to_arrow,150hPa,51,2,10,ceil,latitude [degree];longitude [degree];datetime
gsm_grib_to_arrow,150hPa,54,2,10,ceil,latitude [degree];longitude [degree];datetime
gsm_grib_to_arrow,150hPa,57,2,10,ceil,latitude [degree];longitude [degree];datetime
gsm_grib_to_arrow,150hPa,60,2,10,ceil,latitude [degree];longitude [degree];datetime
gsm_grib_to_arrow,150hPa,63,2,10,ceil,latitude [degree];longitude [degree];datetime
gsm_grib_to_arrow,150hPa,66,2,10,ceil,latitude [degree];longitude [degree];datetime
gsm_grib_to_arrow,150hPa,69,2,10,ceil,latitude [degree];longitude [degree];datetime
gsm_grib_to_arrow,150hPa,72,2,10,ceil,latitude [degree];longitude [degree];datetime
gsm_grib_to_arrow,150hPa,75,2,10,ceil,latitude [degree];longitude [degree];datetime
gsm_grib_to_arrow,150hPa,78,2,10,ceil,latitude [degree];longitude [degree];datetime
gsm_grib_to_arrow,150hPa,81,2,10,ceil,latitude [degree];longitude [degree];datetime
gsm_grib_to_arrow,150hPa,84,2,10,ceil,latitude [degree];longitude [degree];datetime
gsm_grib_to_arrow,150hPa,87,2,10,ceil,latitude [degree];longitude [degree];datetime
gsm_grib_to_arrow,150hPa,90,2,10,ceil,latitude [degree];longitude [degree];datetime
gsm_grib_to_arrow,150hPa,93,2,10,ceil,latitude [degree];longitude [degree];datetime
gsm_grib_to_arrow,150hPa,96,2,10,ceil,latitude [degree];longitude [degree];datetime
gsm_grib_to_arrow,150hPa,99,2,10,ceil,latitude [degree];longitude [degree];datetime
gsm_grib_to_arrow,150hPa,102,2,10,ceil,latitude [degree];longitude [degree];datetime
gsm_grib_to_arrow,150hPa,105,2,10,ceil,latitude [degree];longitude [degree];datetime
gsm_grib_to_arrow,150hPa,108,2,10,ceil,latitude [degree];longitude [degree];datetime
gsm_grib_to_arrow,150hPa,111,2,10,ceil,latitude [degree];longitude [degree];datetime
gsm_grib_to_arrow,150hPa,114,2,10,ceil,latitude [degree];longitude [degree];datetime
gsm_grib_to_arrow,150hPa,117,2,10,ceil,latitude [degree];longitude [degree];datetime
gsm_grib_to_arrow,150hPa,120,2,10,ceil,latitude [degree];longitude [degree];datetime
gsm_grib_to_arrow,150hPa,123,2,10,ceil,latitude [degree];longitude [degree];datetime
gsm_grib_to_arrow,150hPa,126,2,10,ceil,latitude [degree];longitude [degree];datetime
gsm_grib_to_arrow,150hPa,129,2,10,ceil,latitude [degree];longitude [degree];datetime
gsm_grib_to_arrow,150hPa,132,2,10,ceil,latitude [degree];longitude [degree];datetime
gsm_grib_to_arrow,100hPa,0,2,10,ceil,latitude [degree];longitude [degree];datetime
gsm_grib_to_arrow,100hPa,3,2,10,ceil,latitude [degree];longitude [degree];datetime
gsm_grib_to_arrow,100hPa,6,2,10,ceil,latitude [degree];longitude [degree];datetime
gsm_grib_to_arrow,100hPa,9,2,10,ceil,latitude [degree];longitude [degree];datetime
gsm_grib_to_arrow,100hPa,12,2,10,ceil,latitude [degree];longitude [degree];datetime
gsm_grib_to_arrow,100hPa,15,2,10,ceil,latitude [degree];longitude [degree];datetime
gsm_grib_to_arrow,100hPa,18,2,10,ceil,latitude [degree];longitude [degree];datetime
gsm_grib_to_arrow,100hPa,21,2,10,ceil,latitude [degree];longitude [degree];datetime
gsm_grib_to_arrow,100hPa,24,2,10,ceil,latitude [degree];longitude [degree];datetime
gsm_grib_to_arrow,100hPa,27,2,10,ceil,latitude [degree];longitude [degree];datetime
gsm_grib_to_arrow,100hPa,30,2,10,ceil,latitude [degree];longitude [degree];datetime
gsm_grib_to_arrow,100hPa,33,2,10,ceil,latitude [degree];longitude [degree];datetime
gsm_grib_to_arrow,100hPa,36,2,10,ceil,latitude [degree];longitude [degree];datetime
gsm_grib_to_arrow,100hPa,39,2,10,ceil,latitude [degree];longitude [degree];datetime
gsm_grib_to_arrow,100hPa,42,2,10,ceil,latitude [degree];longitude [degree];datetime
gsm_grib_to_arrow,100hPa,45,2,10,ceil,latitude [degree];longitude [degree];datetime
gsm_grib_to_arrow,100hPa,48,2,10,ceil,latitude [degree];longitude [degree];datetime
gsm_grib_to_arrow,100hPa,51,2,10,ceil,latitude [degree];longitude [degree];datetime
gsm_grib_to_arrow,100hPa,54,2,10,ceil,latitude [degree];longitude [degree];datetime
gsm_grib_to_arrow,100hPa,57,2,10,ceil,latitude [degree];longitude [degree];datetime
gsm_grib_to_arrow,100hPa,60,2,10,ceil,latitude [degree];longitude [degree];datetime
gsm_grib_to_arrow,100hPa,63,2,10,ceil,latitude [degree];longitude [degree];datetime
gsm_grib_to_arrow,100hPa,66,2,10,ceil,latitude [degree];longitude [degree];datetime
gsm_grib_to_arrow,100hPa,69,2,10,ceil,latitude [degree];longitude [degree];datetime
gsm_grib_to_arrow,100hPa,72,2,10,ceil,latitude [degree];longitude [degree];datetime
gsm_grib_to_arrow,100hPa,75,2,10,ceil,latitude [degree];longitude [degree];datetime
gsm_grib_to_arrow,100hPa,78,2,10,ceil,latitude [degree];longitude [degree];datetime
gsm_grib_to_arrow,100hPa,81,2,10,ceil,latitude [degree];longitude [degree];datetime
gsm_grib_to_arrow,100hPa,84,2,10,ceil,latitude [degree];longitude [degree];datetime
gsm_grib_to_arrow,100hPa,87,2,10,ceil,latitude [degree];longitude [degree];datetime
gsm_grib_to_arrow,100hPa,90,2,10,ceil,latitude [degree];longitude [degree];datetime
gsm_grib_to_arrow,100hPa,93,2,10,ceil,latitude [degree];longitude [degree];datetime
gsm_grib_to_arrow,100hPa,96,2,10,ceil,latitude [degree];longitude [degree];datetime
gsm_grib_to_arrow,100hPa,99,2,10,ceil,latitude [degree];longitude [degree];datetime
gsm_grib_to_arrow,100hPa,102,2,10,ceil,latitude [degree];longitude [degree];datetime
gsm_grib_to_arrow,100hPa,105,2,10,ceil,latitude [degree];longitude [degree];datetime
gsm_grib_to_arrow,100hPa,108,2,10,ceil,latitude [degree];longitude [degree];datetime
gsm_grib_to_arrow,100hPa,111,2,10,ceil,latitude [degree];longitude [degree];datetime
gsm_grib_to_arrow,100hPa,114,2,10,ceil,latitude [degree];longitude [degree];datetime
gsm_grib_to_arrow,100hPa,117,2,10,ceil,latitude [degree];longitude [degree];datetime
gsm_grib_to_arrow,100hPa,120,2,10,ceil,latitude [degree];longitude [degree];datetime
gsm_grib_to_arrow,100hPa,123,2,10,ceil,latitude [degree];longitude [degree];datetime
gsm_grib_to_arrow,100hPa,126,2,10,ceil,latitude [degree];longitude [degree];datetime
gsm_grib_to_arrow,100hPa,129,2,10,ceil,latitude [degree];longitude [degree];datetime
gsm_grib_to_arrow,100hPa,132,2,10,ceil,latitude [degree];longitude [degree];datetime
gsm_grib_to_arrow,70hPa,0,2,10,ceil,latitude [degree];longitude [degree];datetime
gsm_grib_to_arrow,70hPa,3,2,10,ceil,latitude [degree];longitude [degree];datetime
gsm_grib_to_arrow,70hPa,6,2,10,ceil,latitude [degree];longitude [degree];datetime
gsm_grib_to_arrow,70hPa,9,2,10,ceil,latitude [degree];longitude [degree];datetime
gsm_grib_to_arrow,70hPa,12,2,10,ceil,latitude [degree];longitude [degree];datetime
gsm_grib_to_arrow,70hPa,15,2,10,ceil,latitude [degree];longitude [degree];datetime
gsm_grib_to_arrow,70hPa,18,2,10,ceil,latitude [degree];longitude [degree];datetime
gsm_grib_to_arrow,70hPa,21,2,10,ceil,latitude [degree];longitude [degree];datetime
gsm_grib_to_arrow,70hPa,24,2,10,ceil,latitude [degree];longitude [degree];datetime
gsm_grib_to_arrow,70hPa,27,2,10,ceil,latitude [degree];longitude [degree];datetime
gsm_grib_to_arrow,70hPa,30,2,10,ceil,latitude [degree];longitude [degree];datetime
gsm_grib_to_arrow,70hPa,33,2,10,ceil,latitude [degree];longitude [degree];datetime
gsm_grib_to_arrow,70hPa,36,2,10,ceil,latitude [degree];longitude [degree];datetime
gsm_grib_to_arrow,70hPa,39,2,10,ceil,latitude [degree];longitude [degree];datetime
gsm_grib_to_arrow,70hPa,42,2,10,ceil,latitude [degree];longitude [degree];datetime
gsm_grib_to_arrow,70hPa,45,2,10,ceil,latitude [degree];longitude [degree];datetime
gsm_grib_to_arrow,70hPa,48,2,10,ceil,latitude [degree];longitude [degree];datetime
gsm_grib_to_arrow,70hPa,51,2,10,ceil,latitude [degree];longitude [degree];datetime
gsm_grib_to_arrow,70hPa,54,2,10,ceil,latitude [degree];longitude [degree];datetime
gsm_grib_to_arrow,70hPa,57,2,10,ceil,latitude [degree];longitude [degree];datetime
gsm_grib_to_arrow,70hPa,60,2,10,ceil,latitude [degree];longitude [degree];datetime
gsm_grib_to_arrow,70hPa,63,2,10,ceil,latitude [degree];longitude [degree];datetime
gsm_grib_to_arrow,70hPa,66,2,10,ceil,latitude [degree];longitude [degree];datetime
gsm_grib_to_arrow,70hPa,69,2,10,ceil,latitude [degree];longitude [degree];datetime
gsm_grib_to_arrow,70hPa,72,2,10,ceil,latitude [degree];longitude [degree];datetime
gsm_grib_to_arrow,70hPa,75,2,10,ceil,latitude [degree];longitude [degree];datetime
gsm_grib_to_arrow,70hPa,78,2,10,ceil,latitude [degree];longitude [degree];datetime
gsm_grib_to_arrow,70hPa,81,2,10,ceil,latitude [degree];longitude [degree];datetime
gsm_grib_to_arrow,70hPa,84,2,10,ceil,latitude [degree];longitude [degree];datetime
gsm_grib_to_arrow,70hPa,87,2,10,ceil,latitude [degree];longitude [degree];datetime
gsm_grib_to_arrow,70hPa,90,2,10,ceil,latitude [degree];longitude [degree];datetime
gsm_grib_to_arrow,70hPa,93,2,10,ceil,latitude [degree];longitude [degree];datetime
gsm_grib_to_arrow,70hPa,96,2,10,ceil,latitude [degree];longitude [degree];datetime
gsm_grib_to_arrow,70hPa,99,2,10,ceil,latitude [degree];longitude [degree];datetime
gsm_grib_to_arrow,70hPa,102,2,10,ceil,latitude [degree];longitude [degree];datetime
gsm_grib_to_arrow,70hPa,105,2,10,ceil,latitude [degree];longitude [degree];datetime
gsm_grib_to_arrow,70hPa,108,2,10,ceil,latitude [degree];longitude [degree];datetime
gsm_grib_to_arrow,70hPa,111,2,10,ceil,latitude [degree];longitude [degree];datetime
gsm_grib_to_arrow,70hPa,114,2,10,ceil,latitude [degree];longitude [degree];datetime
gsm_grib_to_arrow,70hPa,117,2,10,ceil,latitude [degree];longitude [degree];datetime
gsm_grib_to_arrow,70hPa,120,2,10,ceil,latitude [degree];longitude [degree];datetime
gsm_grib_to_arrow,70hPa,123,2,10,ceil,latitude [degree];longitude [degree];datetime
gsm_grib_to_arrow,70hPa,126,2,10,ceil,latitude [degree];longitude [degree];datetime
gsm_grib_to_arrow,70hPa,129,2,10,ceil,latitude [degree];longitude [degree];datetime
gsm_grib_to_arrow,70hPa,132,2,10,ceil,latitude [degree];longitude [degree];datetime
gsm_grib_to_arrow,50hPa,0,2,10,ceil,latitude [degree];longitude [degree];datetime
gsm_grib_to_arrow,50hPa,3,2,10,ceil,latitude [degree];longitude [degree];datetime
gsm_grib_to_arrow,50hPa,6,2,10,ceil,latitude [degree];longitude [degree];datetime
gsm_grib_to_arrow,50hPa,9,2,10,ceil,latitude [degree];longitude [degree];datetime
gsm_grib_to_arrow,50hPa,12,2,10,ceil,latitude [degree];longitude [degree];datetime
gsm_grib_to_arrow,50hPa,15,2,10,ceil,latitude [degree];longitude [degree];datetime
gsm_grib_to_arrow,50hPa,18,2,10,ceil,latitude [degree];longitude [degree];datetime
gsm_grib_to_arrow,50hPa,21,2,10,ceil,latitude [degree];longitude [degree];datetime
gsm_grib_to_arrow,50hPa,24,2,10,ceil,latitude [degree];longitude [degree];datetime
gsm_grib_to_arrow,50hPa,27,2,10,ceil,latitude [degree];longitude [degree];datetime
gsm_grib_to_arrow,50hPa,30,2,10,ceil,latitude [degree];longitude [degree];datetime
gsm_grib_to_arrow,50hPa,33,2,10,ceil,latitude [degree];longitude [degree];datetime
gsm_grib_to_arrow,50hPa,36,2,10,ceil,latitude [degree];longitude [degree];datetime
gsm_grib_to_arrow,50hPa,39,2,10,ceil,latitude [degree];longitude [degree];datetime
gsm_grib_to_arrow,50hPa,42,2,10,ceil,latitude [degree];longitude [degree];datetime
gsm_grib_to_arrow,50hPa,45,2,10,ceil,latitude [degree];longitude [degree];datetime
gsm_grib_to_arrow,50hPa,48,2,10,ceil,latitude [degree];longitude [degree];datetime
gsm_grib_to_arrow,50hPa,51,2,10,ceil,latitude [degree];longitude [degree];datetime
gsm_grib_to_arrow,50hPa,54,2,10,ceil,latitude [degree];longitude [degree];datetime
gsm_grib_to_arrow,50hPa,57,2,10,ceil,latitude [degree];longitude [degree];datetime
gsm_grib_to_arrow,50hPa,60,2,10,ceil,latitude [degree];longitude [degree];datetime
gsm_grib_to_arrow,50hPa,63,2,10,ceil,latitude [degree];longitude [degree];datetime
gsm_grib_to_arrow,50hPa,66,2,10,ceil,latitude [degree];longitude [degree];datetime
gsm_grib_to_arrow,50hPa,69,2,10,ceil,latitude [degree];longitude [degree];datetime
gsm_grib_to_arrow,50hPa,72,2,10,ceil,latitude [degree];longitude [degree];datetime
gsm_grib_to_arrow,50hPa,75,2,10,ceil,latitude [degree];longitude [degree];datetime
gsm_grib_to_arrow,50hPa,78,2,10,ceil,latitude [degree];longitude [degree];datetime
gsm_grib_to_arrow,50hPa,81,2,10,ceil,latitude [degree];longitude [degree];datetime
gsm_grib_to_arrow,50hPa,84,2,10,ceil,latitude [degree];longitude [degree];datetime
gsm_grib_to_arrow,50hPa,87,2,10,ceil,latitude [degree];longitude [degree];datetime
gsm_grib_to_arrow,50hPa,90,2,10,ceil,latitude [degree];longitude [degree];datetime
gsm_grib_to_arrow,50hPa,93,2,10,ceil,latitude [degree];longitude [degree];datetime
gsm_grib_to_arrow,50hPa,96,2,10,ceil,latitude [degree];longitude [degree];datetime
gsm_grib_to_arrow,50hPa,99,2,10,ceil,latitude [degree];longitude [degree];datetime
gsm_grib_to_arrow,50hPa,102,2,10,ceil,latitude [degree];longitude [degree];datetime
gsm_grib_to_arrow,50hPa,105,2,10,ceil,latitude [degree];longitude [degree];datetime
gsm_grib_to_arrow,50hPa,108,2,10,ceil,latitude [degree];longitude [degree];datetime
gsm_grib_to_arrow,50hPa,111,2,10,ceil,latitude [degree];longitude [degree];datetime
gsm_grib_to_arrow,50hPa,114,2,10,ceil,latitude [degree];longitude [degree];datetime
gsm_grib_to_arrow,50hPa,117,2,10,ceil,latitude [degree];longitude [degree];datetime
gsm_grib_to_arrow,50hPa,120,2,10,ceil,latitude [degree];longitude [degree];datetime
gsm_grib_to_arrow,50hPa,123,2,10,ceil,latitude [degree];longitude [degree];datetime
gsm_grib_to_arrow,50hPa,126,2,10,ceil,latitude [degree];longitude [degree];datetime
gsm_grib_to_arrow,50hPa,129,2,10,ceil,latitude [degree];longitude [degree];datetime
gsm_grib_to_arrow,50hPa,132,2,10,ceil,latitude [degree];longitude [degree];datetime
gsm_grib_to_arrow,30hPa,0,2,10,ceil,latitude [degree];longitude [degree];datetime
gsm_grib_to_arrow,30hPa,3,2,10,ceil,latitude [degree];longitude [degree];datetime
gsm_grib_to_arrow,30hPa,6,2,10,ceil,latitude [degree];longitude [degree];datetime
gsm_grib_to_arrow,30hPa,9,2,10,ceil,latitude [degree];longitude [degree];datetime
gsm_grib_to_arrow,30hPa,12,2,10,ceil,latitude [degree];longitude [degree];datetime
gsm_grib_to_arrow,30hPa,15,2,10,ceil,latitude [degree];longitude [degree];datetime
gsm_grib_to_arrow,30hPa,18,2,10,ceil,latitude [degree];longitude [degree];datetime
gsm_grib_to_arrow,30hPa,21,2,10,ceil,latitude [degree];longitude [degree];datetime
gsm_grib_to_arrow,30hPa,24,2,10,ceil,latitude [degree];longitude [degree];datetime
gsm_grib_to_arrow,30hPa,27,2,10,ceil,latitude [degree];longitude [degree];datetime
gsm_grib_to_arrow,30hPa,30,2,10,ceil,latitude [degree];longitude [degree];datetime
gsm_grib_to_arrow,30hPa,33,2,10,ceil,latitude [degree];longitude [degree];datetime
gsm_grib_to_arrow,30hPa,36,2,10,ceil,latitude [degree];longitude [degree];datetime
gsm_grib_to_arrow,30hPa,39,2,10,ceil,latitude [degree];longitude [degree];datetime
gsm_grib_to_arrow,30hPa,42,2,10,ceil,latitude [degree];longitude [degree];datetime
gsm_grib_to_arrow,30hPa,45,2,10,ceil,latitude [degree];longitude [degree];datetime
gsm_grib_to_arrow,30hPa,48,2,10,ceil,latitude [degree];longitude [degree];datetime
gsm_grib_to_arrow,30hPa,51,2,10,ceil,latitude [degree];longitude [degree];datetime
gsm_grib_to_arrow,30hPa,54,2,10,ceil,latitude [degree];longitude [degree];datetime
gsm_grib_to_arrow,30hPa,57,2,10,ceil,latitude [degree];longitude [degree];datetime
gsm_grib_to_arrow,30hPa,60,2,10,ceil,latitude [degree];longitude [degree];datetime
gsm_grib_to_arrow,30hPa,63,2,10,ceil,latitude [degree];longitude [degree];datetime
gsm_grib_to_arrow,30hPa,66,2,10,ceil,latitude [degree];longitude [degree];datetime
gsm_grib_to_arrow,30hPa,69,2,10,ceil,latitude [degree];longitude [degree];datetime
gsm_grib_to_arrow,30hPa,72,2,10,ceil,latitude [degree];longitude [degree];datetime
gsm_grib_to_arrow,30hPa,75,2,10,ceil,latitude [degree];longitude [degree];datetime
gsm_grib_to_arrow,30hPa,78,2,10,ceil,latitude [degree];longitude [degree];datetime
gsm_grib_to_arrow,30hPa,81,2,10,ceil,latitude [degree];longitude [degree];datetime
gsm_grib_to_arrow,30hPa,84,2,10,ceil,latitude [degree];longitude [degree];datetime
gsm_grib_to_arrow,30hPa,87,2,10,ceil,latitude [degree];longitude [degree];datetime
gsm_grib_to_arrow,30hPa,90,2,10,ceil,latitude [degree];longitude [degree];datetime
gsm_grib_to_arrow,30hPa,93,2,10,ceil,latitude [degree];longitude [degree];datetime
gsm_grib_to_arrow,30hPa,96,2,10,ceil,latitude [degree];longitude [degree];datetime
gsm_grib_to_arrow,30hPa,99,2,10,ceil,latitude [degree];longitude [degree];datetime
gsm_grib_to_arrow,30hPa,102,2,10,ceil,latitude [degree];longitude [degree];datetime
gsm_grib_to_arrow,30hPa,105,2,10,ceil,latitude [degree];longitude [degree];datetime
gsm_grib_to_arrow,30hPa,108,2,10,ceil,latitude [degree];longitude [degree];datetime
gsm_grib_to_arrow,30hPa,111,2,10,ceil,latitude [degree];longitude [degree];datetime
gsm_grib_to_arrow,30hPa,114,2,10,ceil,latitude [degree];longitude [degree];datetime
gsm_grib_to_arrow,30hPa,117,2,10,ceil,latitude [degree];longitude [degree];datetime
gsm_grib_to_arrow,30hPa,120,2,10,ceil,latitude [degree];longitude [degree];datetime
gsm_grib_to_arrow,30hPa,123,2,10,ceil,latitude [degree];longitude [degree];datetime
gsm_grib_to_arrow,30hPa,126,2,10,ceil,latitude [degree];longitude [degree];datetime
gsm_grib_to_arrow,30hPa,129,2,10,ceil,latitude [degree];longitude [degree];datetime
gsm_grib_to_arrow,30hPa,132,2,10,ceil,latitude [degree];longitude [degree];datetime
gsm_grib_to_arrow,20hPa,0,2,10,ceil,latitude [degree];longitude [degree];datetime
gsm_grib_to_arrow,20hPa,3,2,10,ceil,latitude [degree];longitude [degree];datetime
gsm_grib_to_arrow,20hPa,6,2,10,ceil,latitude [degree];longitude [degree];datetime
gsm_grib_to_arrow,20hPa,9,2,10,ceil,latitude [degree];longitude [degree];datetime
gsm_grib_to_arrow,20hPa,12,2,10,ceil,latitude [degree];longitude [degree];datetime
gsm_grib_to_arrow,20hPa,15,2,10,ceil,latitude [degree];longitude [degree];datetime
gsm_grib_to_arrow,20hPa,18,2,10,ceil,latitude [degree];longitude [degree];datetime
gsm_grib_to_arrow,20hPa,21,2,10,ceil,latitude [degree];longitude [degree];datetime
gsm_grib_to_arrow,20hPa,24,2,10,ceil,latitude [degree];longitude [degree];datetime
gsm_grib_to_arrow,20hPa,27,2,10,ceil,latitude [degree];longitude [degree];datetime
gsm_grib_to_arrow,20hPa,30,2,10,ceil,latitude [degree];longitude [degree];datetime
gsm_grib_to_arrow,20hPa,33,2,10,ceil,latitude [degree];longitude [degree];datetime
gsm_grib_to_arrow,20hPa,36,2,10,ceil,latitude [degree];longitude [degree];datetime
gsm_grib_to_arrow,20hPa,39,2,10,ceil,latitude [degree];longitude [degree];datetime
gsm_grib_to_arrow,20hPa,42,2,10,ceil,latitude [degree];longitude [degree];datetime
gsm_grib_to_arrow,20hPa,45,2,10,ceil,latitude [degree];longitude [degree];datetime
gsm_grib_to_arrow,20hPa,48,2,10,ceil,latitude [degree];longitude [degree];datetime
gsm_grib_to_arrow,20hPa,51,2,10,ceil,latitude [degree];longitude [degree];datetime
gsm_grib_to_arrow,20hPa,54,2,10,ceil,latitude [degree];longitude [degree];datetime
gsm_grib_to_arrow,20hPa,57,2,10,ceil,latitude [degree];longitude [degree];datetime
gsm_grib_to_arrow,20hPa,60,2,10,ceil,latitude [degree];longitude [degree];datetime
gsm_grib_to_arrow,20hPa,63,2,10,ceil,latitude [degree];longitude [degree];datetime
gsm_grib_to_arrow,20hPa,66,2,10,ceil,latitude [degree];longitude [degree];datetime
gsm_grib_to_arrow,20hPa,69,2,10,ceil,latitude [degree];longitude [degree];datetime
gsm_grib_to_arrow,20hPa,72,2,10,ceil,latitude [degree];longitude [degree];datetime
gsm_grib_to_arrow,20hPa,75,2,10,ceil,latitude [degree];longitude [degree];datetime
gsm_grib_to_arrow,20hPa,78,2,10,ceil,latitude [degree];longitude [degree];datetime
gsm_grib_to_arrow,20hPa,81,2,10,ceil,latitude [degree];longitude [degree];datetime
gsm_grib_to_arrow,20hPa,84,2,10,ceil,latitude [degree];longitude [degree];datetime
gsm_grib_to_arrow,20hPa,87,2,10,ceil,latitude [degree];longitude [degree];datetime
gsm_grib_to_arrow,20hPa,90,2,10,ceil,latitude [degree];longitude [degree];datetime
gsm_grib_to_arrow,20hPa,93,2,10,ceil,latitude [degree];longitude [degree];datetime
gsm_grib_to_arrow,20hPa,96,2,10,ceil,latitude [degree];longitude [degree];datetime
gsm_grib_to_arrow,20hPa,99,2,10,ceil,latitude [degree];longitude [degree];datetime
gsm_grib_to_arrow,20hPa,102,2,10,ceil,latitude [degree];longitude [degree];datetime
gsm_grib_to_arrow,20hPa,105,2,10,ceil,latitude [degree];longitude [degree];datetime
gsm_grib_to_arrow,20hPa,108,2,10,ceil,latitude [degree];longitude [degree];datetime
gsm_grib_to_arrow,20hPa,111,2,10,ceil,latitude [degree];longitude [degree];datetime
gsm_grib_to_arrow,20hPa,114,2,10,ceil,latitude [degree];longitude [degree];datetime
gsm_grib_to_arrow,20hPa,117,2,10,ceil,latitude [degree];longitude [degree];datetime
gsm_grib_to_arrow,20hPa,120,2,10,ceil,latitude [degree];longitude [degree];datetime
gsm_grib_to_arrow,20hPa,123,2,10,ceil,latitude [degree];longitude [degree];datetime
gsm_grib_to_arrow,20hPa,126,2,10,ceil,latitude [degree];longitude [degree];datetime
gsm_grib_to_arrow,20hPa,129,2,10,ceil,latitude [degree];longitude [degree];datetime
gsm_grib_to_arrow,20hPa,132,2,10,ceil,latitude [degree];longitude [degree];datetime
gsm_grib_to_arrow,10hPa,0,2,10,ceil,latitude [degree];longitude [degree];datetime
gsm_grib_to_arrow,10hPa,3,2,10,ceil,latitude [degree];longitude [degree];datetime
gsm_grib_to_arrow,10hPa,6,2,10,ceil,latitude [degree];longitude [degree];datetime
gsm_grib_to_arrow,10hPa,9,2,10,ceil,latitude [degree];longitude [degree];datetime
gsm_grib_to_arrow,10hPa,12,2,10,ceil,latitude [degree];longitude [degree];datetime
gsm_grib_to_arrow,10hPa,15,2,10,ceil,latitude [degree];longitude [degree];datetime
gsm_grib_to_arrow,10hPa,18,2,10,ceil,latitude [degree];longitude [degree];datetime
gsm_grib_to_arrow,10hPa,21,2,10,ceil,latitude [degree];longitude [degree];datetime
gsm_grib_to_arrow,10hPa,24,2,10,ceil,latitude [degree];longitude [degree];datetime
gsm_grib_to_arrow,10hPa,27,2,10,ceil,latitude [degree];longitude [degree];datetime
gsm_grib_to_arrow,10hPa,30,2,10,ceil,latitude [degree];longitude [degree];datetime
gsm_grib_to_arrow,10hPa,33,2,10,ceil,latitude [degree];longitude [degree];datetime
gsm_grib_to_arrow,10hPa,36,2,10,ceil,latitude [degree];longitude [degree];datetime
gsm_grib_to_arrow,10hPa,39,2,10,ceil,latitude [degree];longitude [degree];datetime
gsm_grib_to_arrow,10hPa,42,2,10,ceil,latitude [degree];longitude [degree];datetime
gsm_grib_to_arrow,10hPa,45,2,10,ceil,latitude [degree];longitude [degree];datetime
gsm_grib_to_arrow,10hPa,48,2,10,ceil,latitude [degree];longitude [degree];datetime
gsm_grib_to_arrow,10hPa,51,2,10,ceil,latitude [degree];longitude [degree];datetime
gsm_grib_to_arrow,10hPa,54,2,10,ceil,latitude [degree];longitude [degree];datetime
gsm_grib_to_arrow,10hPa,57,2,10,ceil,latitude [degree];longitude [degree];datetime
gsm_grib_to_arrow,10hPa,60,2,10,ceil,latitude [degree];longitude [degree];datetime
gsm_grib_to_arrow,10hPa,63,2,10,ceil,latitude [degree];longitude [degree];datetime
gsm_grib_to_arrow,10hPa,66,2,10,ceil,latitude [degree];longitude [degree];datetime
gsm_grib_to_arrow,10hPa,69,2,10,ceil,latitude [degree];longitude [degree];datetime
gsm_grib_to_arrow,10hPa,72,2,10,ceil,latitude [degree];longitude [degree];datetime
gsm_grib_to_arrow,10hPa,75,2,10,ceil,latitude [degree];longitude [degree];datetime
gsm_grib_to_arrow,10hPa,78,2,10,ceil,latitude [degree];longitude [degree];datetime
gsm_grib_to_arrow,10hPa,81,2,10,ceil,latitude [degree];longitude [degree];datetime
gsm_grib_to_arrow,10hPa,84,2,10,ceil,latitude [degree];longitude [degree];datetime
gsm_grib_to_arrow,10hPa,87,2,10,ceil,latitude [degree];longitude [degree];datetime
gsm_grib_to_arrow,10hPa,90,2,10,ceil,latitude [degree];longitude [degree];datetime
gsm_grib_to_arrow,10hPa,93,2,10,ceil,latitude [degree];longitude [degree];datetime
gsm_grib_to_arrow,10hPa,96,2,10,ceil,latitude [degree];longitude [degree];datetime
gsm_grib_to_arrow,10hPa,99,2,10,ceil,latitude [degree];longitude [degree];datetime
gsm_grib_to_arrow,10hPa,102,2,10,ceil,latitude [degree];longitude [degree];datetime
gsm_grib_to_arrow,10hPa,105,2,10,ceil,latitude [degree];longitude [degree];datetime
gsm_grib_to_arrow,10hPa,108,2,10,ceil,latitude [degree];longitude [degree];datetime
gsm_grib_to_arrow,10hPa,111,2,10,ceil,latitude [degree];longitude [degree];datetime
gsm_grib_to_arrow,10hPa,114,2,10,ceil,latitude [degree];longitude [degree];datetime
gsm_grib_to_arrow,10hPa,117,2,10,ceil,latitude [degree];longitude [degree];datetime
gsm_grib_to_arrow,10hPa,120,2,10,ceil,latitude [degree];longitude [degree];datetime
gsm_grib_to_arrow,10hPa,123,2,10,ceil,latitude [degree];longitude [degree];datetime
gsm_grib_to_arrow,10hPa,126,2,10,ceil,latitude [degree];longitude [degree];datetime
gsm_grib_to_arrow,10hPa,129,2,10,ceil,latitude [degree];longitude [degree];datetime
gsm_grib_to_arrow,10hPa,132,2,10,ceil,latitude [degree];longitude [degree];datetime